colony_name,lat,lon,date_first,date_last,DOY_mean,n_obs,uncertainty_flag,count_mean,count_median,coeff_lower,coeff_upper,coeff_se_pm,obs_std,obs_sem,obs_lower,obs_upper,combined_lower,combined_upper,combined_se_pm,mean_range_pct
Amanda,-69.27,76.83,22/07/2025,30/06/2025,192,2,low n,9282.07,9282.07,8229.22,10348.18,1059.48,473.17,334.58,8947.48,9616.65,8171.01,10393.12,1111.06,23.9
Amundsen,-66.78,50.54,19/07/2025,30/06/2025,190.5,2,low n,291.32,291.32,261.68,321.67,29.99,63.94,45.21,246.11,336.53,237.06,345.57,54.26,37.2
Astrid,-69.95,8.32,26/06/2025,26/06/2025,177,2,low n,6253.03,6253.03,5631.67,6888.35,628.34,374.1,264.53,5988.5,6517.56,5571.27,6934.78,681.75,21.8
Atka,-70.61,-8.13,29/06/2025,29/06/2025,180,1,single obs,13926.23,13926.23,12437.42,15352.36,1457.47,,,,,12468.76,15383.69,1457.47,20.9
Auster,-67.4,63.97,19/07/2025,30/06/2025,190.5,2,low n,6008.54,6008.54,5394.34,6629.36,617.51,570.74,403.57,5604.97,6412.12,5270.85,6746.23,737.69,24.6
Bear,-74.35,-110.24,18/07/2025,30/06/2025,190,2,low n,4692.81,4692.81,4190.02,5201.59,505.79,1142.42,807.81,3885,5500.62,3739.72,5645.9,953.09,40.6
Beaufort,-76.93,166.94,9/07/2025,9/07/2025,190,1,single obs,563.95,563.95,497.26,631.7,67.22,,,,,496.73,631.17,67.22,23.8
Bowman,-65.28,103.19,4/07/2025,4/07/2025,185,1,single obs,5188.21,5188.21,4740.25,5567.22,413.49,,,,,4774.72,5601.69,413.49,15.9
Brownson,-74.14,-103.64,20/07/2025,20/07/2025,201,1,single obs,4895.75,4895.75,4371.01,5422.56,525.77,,,,,4369.98,5421.52,525.77,21.5
Casey,-67.31,46.96,23/07/2025,30/06/2025,192.5,2,low n,1566.67,1566.67,1391.11,1742.47,175.68,171.09,120.98,1445.69,1687.64,1353.36,1779.97,213.31,27.2
Colbeck,-77.15,-157.58,20/08/2025,8/07/2025,205.2,5,good,21418.41,21205.32,19084.68,23655.51,2285.41,4031.19,1802.8,19615.6,23221.21,18507.53,24329.29,2910.88,27.2
Coulman,-73.35,169.62,11/07/2025,6/08/2025,199,4,good,16088.12,15468.42,14197.38,17960.53,1881.58,3357.1,1678.55,14409.57,17766.67,13566.64,18609.6,2521.48,31.3
Crozier,-77.45,169.28,18/07/2025,5/08/2025,199,3,good,1990.66,1875.91,1772.65,2209.31,218.33,388.43,224.26,1766.4,2214.92,1677.68,2303.65,312.98,31.4
Cruzen,-74.72,-140.36,18/07/2025,5/07/2025,192.5,2,low n,412.31,412.31,372.92,447.36,37.22,39.18,27.7,384.61,440.01,365.91,458.71,46.4,22.5
Darnley,-67.89,69.7,20/07/2025,30/06/2025,191,2,low n,7022.55,7022.55,6335.86,7672.86,668.5,1057.33,747.65,6274.9,7770.2,6019.62,8025.48,1002.93,28.6
Davis,-69.33,158.41,18/07/2025,6/07/2025,193,2,low n,1982.97,1982.97,1787.12,2183.62,198.25,405.59,286.8,1696.17,2269.76,1634.32,2331.61,348.65,35.2
Dawson,-76.07,-26.79,15/07/2025,15/07/2025,196,1,single obs,19421.72,19421.72,17367.2,21503.78,2068.29,,,,,17353.43,21490.01,2068.29,21.3
Dibble,-66.02,134.74,18/07/2025,27/06/2025,188.5,2,low n,10985.96,10985.96,10052.4,11862.54,905.07,174.28,123.24,10862.72,11109.19,10072.54,11899.38,913.42,16.6
Dolleman,-70.68,-60.53,20/07/2025,28/06/2025,190,2,low n,7144.12,7144.12,6433.1,7875.2,721.05,1989.47,1406.77,5737.34,8550.89,5563.32,8724.91,1580.8,44.3
Drescher,-72.86,-19.22,23/07/2025,26/06/2025,190.5,2,low n,14192.15,14192.15,12652.61,15639.79,1493.59,1846.4,1305.6,12886.55,15497.75,12208.36,16175.93,1983.78,28
Fold,-67.33,59.36,20/07/2025,30/06/2025,191,2,low n,570.59,570.59,518.02,619.83,50.9,238.63,168.74,401.85,739.33,394.34,746.84,176.25,61.8
Franklin,-76.18,168.39,22/07/2025,6/08/2025,200.67,3,good,4318.43,4363.31,3808.27,4827.34,509.53,300.5,173.49,4144.93,4491.92,3780.17,4856.69,538.26,24.9
Gates,-73.68,-122.77,15/07/2025,28/06/2025,203.25,4,good,5134.07,5764.97,4618.67,5628.29,504.81,1530.05,883.37,4250.7,6017.44,4116.63,6151.51,1017.44,39.6
Geologie,-66.67,140,21/07/2025,30/06/2025,191.5,2,low n,2749.84,2749.84,2503.32,2990.15,243.42,890.43,629.63,2120.21,3379.47,2074.8,3424.89,675.05,49.1
Gipps,-68.68,-60.86,18/07/2025,29/06/2025,189.5,2,low n,437.34,437.34,389.3,486.11,48.4,52.63,37.21,400.13,474.56,376.29,498.4,61.06,27.9
Gunnerus,-68.78,34.4,22/07/2025,25/06/2025,189.5,2,low n,6074.02,6074.02,5460.04,6666.56,603.26,2451.24,1733.29,4340.73,7807.3,4238.75,7909.28,1835.27,60.4
Haswell,-66.54,93.03,30/06/2025,30/06/2025,181,1,single obs,4444.72,4444.72,4013.8,4875.43,430.82,,,,,4013.9,4875.53,430.82,19.4
Jason,-66.1,-60.67,25/07/2025,4/07/2025,195.5,2,low n,3643.25,3643.25,3271.45,4023.01,375.78,764.74,540.75,3102.5,4184,2984.75,4301.75,658.5,36.1
Karelin,-66.41,85.43,18/07/2025,29/06/2025,189.5,2,low n,554.11,554.11,491.62,616.11,62.24,22.39,15.83,538.28,569.94,489.89,618.34,64.22,23.2
Kloa,-66.64,57.28,24/07/2025,28/06/2025,192,2,low n,3650.48,3650.48,3256.43,4049.54,396.55,93.75,66.29,3584.19,3716.77,3248.42,4052.54,402.06,22
Ledda,-74.42,-130.96,21/07/2025,30/06/2025,191.5,2,low n,1394.45,1394.45,1243.63,1540.36,148.36,795.77,562.7,831.75,1957.14,812.52,1976.37,581.93,83.5
Luitpold,-77.27,-33.55,24/07/2025,26/06/2025,191,2,low n,5481.99,5481.99,4922.55,6006.53,541.99,339.51,240.07,5241.92,5722.06,4889.21,6074.76,592.78,21.6
Mertz,-67.22,146.01,13/06/2025,26/06/2025,180,3,good,8172.73,8439.04,7347.87,8986.27,819.2,1232.61,711.65,7461.08,8884.38,7087.58,9257.87,1085.15,26.6
Ninnis,-66.72,149.62,21/07/2025,28/06/2025,190.5,2,low n,4826.94,4826.94,4297.04,5355.31,529.13,1948.45,1377.76,3449.18,6204.7,3351.07,6302.81,1475.87,61.2
Peterson,-65.84,110.14,2/07/2025,2/07/2025,183,1,single obs,5877.8,5877.8,5214.18,6531.29,658.55,,,,,5219.25,6536.35,658.55,22.4
Pointsett,-65.83,113.3,18/06/2025,8/07/2025,185.5,4,good,1418.81,1318.75,1275.36,1557.55,141.1,523.89,261.95,1156.87,1680.76,1121.28,1716.34,297.53,41.9
Porpoise,-66.26,129.98,14/07/2025,22/07/2025,199,2,low n,707.59,707.59,639.65,776.22,68.29,127.4,90.08,617.5,797.67,594.55,820.63,113.04,32
Posadowsky,-66.13,89.82,7/07/2025,7/07/2025,188,1,single obs,460.44,460.44,407.06,514.81,53.87,,,,,406.57,514.31,53.87,23.4
Riiser,-72.07,-15.18,21/07/2025,26/06/2025,189.5,2,low n,8681.94,8681.94,7689.3,9642.46,976.58,315.28,222.94,8459.01,8904.88,7680.24,9683.65,1001.7,23.1
Roget,-71.98,170.61,18/07/2025,6/08/2025,199.33,3,good,7252.01,7238.65,6525.64,7995.11,734.74,1407.43,812.58,6439.43,8064.59,6156.51,8347.51,1095.5,30.2
Rupert,-75.37,-143.02,18/07/2025,30/06/2025,190,2,low n,2094.7,2094.7,1883.74,2293.88,205.07,236.28,167.08,1927.63,2261.78,1830.19,2359.22,264.51,25.3
Sabrina,-66.09,121.16,18/07/2025,28/06/2025,189,2,low n,5604.02,5604.02,5075.76,6088.08,506.16,1195.02,845.01,4759.02,6449.03,4619.02,6589.03,985,35.2
Sanae,-69.9,-1.26,29/06/2025,29/06/2025,180,1,single obs,9949.51,9949.51,8897.13,10946.47,1024.67,,,,,8924.84,10974.17,1024.67,20.6
Shackleton,-64.95,95.92,19/07/2025,30/06/2025,190.5,2,low n,3701.2,3701.2,3290.75,4104.87,407.06,1820.86,1287.54,2413.66,4988.74,2350.84,5051.55,1350.36,73
Smith,-74.37,-60.83,19/07/2025,29/06/2025,190,2,low n,2826.22,2826.22,2501.98,3150.2,324.11,63.43,44.85,2781.37,2871.07,2499.02,3153.42,327.2,23.2
Smyley,-72.3,-78.82,4/07/2025,4/07/2025,185,1,single obs,2288.77,2288.77,2052.16,2526.17,237.01,,,,,2051.76,2525.77,237.01,20.7
Snow Hill,-64.52,-57.45,22/06/2025,22/06/2025,173,1,single obs,7263.99,7263.99,6514.93,8035.06,760.06,,,,,6503.93,8024.05,760.06,20.9
Stancomb,-74.07,-23.22,10/07/2025,18/07/2025,195,2,low n,10213.58,10213.58,9033.42,11384.11,1175.35,804.12,568.6,9644.98,10782.18,8907.92,11519.24,1305.66,25.6
Taylor,-67.46,60.88,22/07/2025,8/07/2025,196,2,low n,2470.25,2470.25,2231.5,2708.57,238.53,403.38,285.23,2185.02,2755.48,2098.42,2842.07,371.83,30.1
Thurston,-73.5,-125.62,22/07/2025,27/06/2025,190.5,2,low n,3773.26,3773.26,3376.02,4176.72,400.35,803.2,567.95,3205.31,4341.21,3078.38,4468.13,694.87,36.8
Umbeosi,-68.05,43.08,21/07/2025,27/06/2025,190,2,low n,473.53,473.53,429.26,518.64,44.69,3.77,2.67,470.86,476.19,428.76,518.3,44.77,18.9
Vanhoeffen,-66.07,86.5,20/07/2025,30/06/2025,191,2,low n,1636.38,1636.38,1457.62,1810.78,176.58,1173.94,830.1,806.28,2466.49,787.71,2485.06,848.68,103.7
Washington,-74.65,165.39,18/07/2025,6/08/2025,199.33,3,good,11367.9,12318.18,10185.33,12542.33,1178.5,2400.33,1385.83,9982.07,12753.74,9548.73,13187.08,1819.17,32
West Ice Shelf,-66.26,81.48,8/07/2025,8/07/2025,189,1,single obs,7812.97,7812.97,6885.21,8725.28,920.04,,,,,6892.93,8733,920.04,23.6
Yule,-70.73,166.49,20/07/2025,9/08/2025,200,3,good,539.99,541.9,490.17,591.53,50.68,66.86,38.6,501.39,578.59,476.28,603.7,63.71,23.6
