colony,image_id,area_m2,phenology_est,lat,lon,datetime,date,time,b_pres,date_time,year,month,day,doy,date_utc,time_utc,ts,met_ff10,temp_airK,d2m,met_humc,rh_water,rh_ice,met_rad,rho_pred,count_pred,rho_upper,rho_lower,count_lower,count_upper,coeff_lower,coeff_upper,coeff_sd_pm,Ta_C,colony_name
Cape Crozier,2024-03-23-02-39-08_UMBRA-06_GEC.tif,0,,-77.45274249,169.2750659,23/03/2024 2:39,23/03/2024,2:39:08,no,23/03/2024 2:39,2024,3,23,83,23/03/2024,02:39:08 UTC,23/03/2024 2:39,2.469693661,255.1815338,249.3633118,71.45774546,60.10001669,71.45774546,,,,,,,,,,,,Crozier
Cape Crozier,2024-04-04-13-25-53_UMBRA-05_GEC.tif,0,,-77.45274249,169.2750659,4/04/2024 13:25,4/04/2024,13:25:53,no,4/04/2024 13:25,2024,4,4,95,4/04/2024,13:25:53 UTC,4/04/2024 13:25,5.689780235,252.4513855,250.2384338,100.3963053,82.25888886,100.3963053,0,7.009779003,0,7.797766434,6.203261711,0,0,0,0,0,-75.29476468,Crozier
Cape Crozier,2024-04-06-22-22-05_UMBRA-07_GEC.tif,0,,-77.45274249,169.2750659,6/04/2024 22:22,6/04/2024,22:22:05,no,6/04/2024 22:22,2024,4,6,97,6/04/2024,22:22:05 UTC,6/04/2024 22:22,11.37965488,248.8849182,244.0368805,80.6767621,63.89218851,80.6767621,20.55111111,8.118215281,0,8.883119274,7.297399298,0,0,0,0,0,-90.31155631,Crozier
Cape Crozier,2024-04-23-15-16-44_UMBRA-07_GEC.tif,601.7200721,females present,-77.45274249,169.2750659,23/04/2024 15:16,23/04/2024,15:16:44,yes,23/04/2024 15:16,2024,4,23,114,23/04/2024,15:16:44 UTC,23/04/2024 15:16,4.764719963,248.780365,245.9637756,97.65254994,77.2594416,97.65254994,0,6.979247178,4199.553115,7.772212549,6.16851506,3711.719327,4676.696296,3711.719327,4676.696296,482.4884843,-74.89228115,Crozier
Cape Crozier,2024-05-02-15-27-32_UMBRA-07_GEC.tif,762.2053404,females present,-77.45211863,169.2749058,2/05/2024 15:27,2/05/2024,15:27:32,yes,2/05/2024 15:27,2024,5,2,123,2/05/2024,15:27:32 UTC,2/05/2024 15:27,4.396409035,251.4668732,249.368927,102.215088,82.96494524,102.215088,0,6.803694469,5185.812259,7.590755323,6.004710631,4576.82251,5785.714245,4576.82251,5785.714245,604.4458672,-72.58407988,Crozier
Cape Crozier,2024-05-17-22-24-29_UMBRA-07_GEC.tif,550.1520551,females present,-77.45208197,169.2775054,17/05/2024 22:24,17/05/2024,22:24:29,yes,17/05/2024 22:24,2024,5,17,138,17/05/2024,22:24:29 UTC,17/05/2024 22:24,4.523411751,250.3118744,248.1273499,102.3294628,82.14783616,102.3294628,0,6.92709417,3810.955094,7.725933113,6.111945145,3362.499182,4250.43798,3362.499182,4250.43798,443.9693989,-74.20555282,Crozier
Cape Crozier,2024-06-01-14-57-01_UMBRA-07_GEC.tif,487.1682625,females present,-77.45157182,169.2786676,1/06/2024 14:57,1/06/2024,14:57:01,yes,1/06/2024 14:57,2024,6,1,153,1/06/2024,14:57:01 UTC,1/06/2024 14:57,4.475450516,258.0779724,256.3072205,99.71366504,86.23243794,99.71366504,0,6.251180786,3045.376882,6.963613843,5.54276862,2700.260958,3392.451657,2700.260958,3392.451657,346.0953493,-65.35336271,Crozier
Cape Crozier,2024-06-07-21-38-12_UMBRA-08_GEC.tif,526.3856,females present,-77.45274249,169.2750659,,7/06/2024,21:38:12,,7/06/2024 21:38,2024,6,7,159,7/06/2024,21:38:12 UTC,7/06/2024 21:38,5.413072109,251.9148407,246.2540741,73.64461351,60.03143922,73.64461351,0,6.257880575,3294.058221,6.911716592,5.607294747,2951.59921,3638.228085,2951.59921,3638.228085,343.3144378,-65.44101613,Crozier
Cape Crozier,2024-06-20-12-46-04_UMBRA-07_GEC.tif,492.6755284,females present,-77.4509479,169.2814129,20/06/2024 12:46,20/06/2024,12:46:04,yes,20/06/2024 12:46,2024,6,20,172,20/06/2024,12:46:04 UTC,20/06/2024 12:46,4.791593552,253.7499847,251.1807709,96.31190637,79.89937442,96.31190637,0,6.571214743,3237.476696,7.315120454,5.823081327,2868.88967,3603.980835,2868.88967,3603.980835,367.5455826,-69.53861958,Crozier
Cape Crozier,2024-06-24-21-20-53_UMBRA-08_GEC.tif,242.3694953,male huddle,-77.4512319,169.2811639,24/06/2024 21:20,24/06/2024,21:20:53,yes,24/06/2024 21:20,2024,6,24,176,24/06/2024,21:20:53 UTC,24/06/2024 21:20,5.185690403,247.0626221,243.6184387,93.13549635,72.49554557,93.13549635,0,7.095325608,1719.690487,7.88651413,6.28263561,1522.719222,1911.450449,1522.719222,1911.450449,194.3656136,-76.42444687,Crozier
Cape Crozier,2024-07-09-18-32-15_UMBRA-05_GEC.tif,280.22777,male huddle,-77.45274249,169.2750659,,9/07/2024,18:32:15,,9/07/2024 18:32,2024,7,9,191,9/07/2024,18:32:15 UTC,9/07/2024 18:32,3.974893093,246.7003021,241.4058685,78.14059639,60.61566295,78.14059639,0,6.409325345,1796.070949,7.112296473,5.706490549,1599.117121,1993.06298,1599.117121,1993.06298,196.9729296,-67.42154057,Crozier
Cape Crozier,2024-07-16-19-42-39_UMBRA-07_GEC.tif,274.6757767,male huddle,-77.45059827,169.283064,16/07/2024 19:42,16/07/2024,19:42:39,yes,16/07/2024 19:42,2024,7,16,198,16/07/2024,19:42:39 UTC,16/07/2024 19:42,4.745106697,245.0913849,241.5197601,93.14681016,71.16817371,93.14681016,0,7.132911618,1959.238039,7.933772718,6.308728849,1732.854997,2179.215183,1732.854997,2179.215183,223.1800934,-76.92178564,Crozier
Cape Crozier,2024-08-06-13-47-45_UMBRA-04_GEC.tif,402.793503,female return,-77.45274249,169.2750659,,6/08/2024,13:47:45,,6/08/2024 13:47,2024,8,6,219,6/08/2024,13:47:45 UTC,6/08/2024 13:47,1.408639312,255.2263336,252.9429626,97.64619041,82.16130492,97.64619041,0,5.630457759,2267.911804,6.289949131,4.987382486,2008.885262,2533.550644,2008.885262,2533.550644,262.3326908,-57.18637948,Crozier
Cape Crozier,2024-08-09-19-26-21_UMBRA-07_GEC.tif,244.6545,female return,-77.45274249,169.2750659,,9/08/2024,19:26:21,,9/08/2024 19:26,2024,8,9,222,9/08/2024,19:26:21 UTC,9/08/2024 19:26,6.975492954,257.5174866,253.2932739,81.17923688,69.82626724,81.17923688,0,6.434016991,1574.11121,7.102718908,5.764901602,1410.409119,1737.712143,1410.409119,1737.712143,163.651512,-67.7443802,Crozier
Cape Roget,2024-03-30-10-57-25_UMBRA-05_GEC.tif,0,,-71.98334599,170.5975045,30/03/2024 10:57,30/03/2024,10:57:25,no,30/03/2024 10:57,2024,3,30,90,30/03/2024,10:57:25 UTC,30/03/2024 10:57,4.106091499,256.4725342,250.1308899,67.77039097,57.7098883,67.77039097,,,,,,,,,,,,Roget
Cape Roget,2024-04-12-13-42-46_UMBRA-07_GEC.tif,0,,-71.98334599,170.5975045,12/04/2024 13:42,12/04/2024,13:42:46,no,12/04/2024 13:42,2024,4,12,103,12/04/2024,13:42:46 UTC,12/04/2024 13:42,7.762541294,253.7987213,246.6361694,63.59820164,52.78506081,63.59820164,0,6.444756687,0,7.072707091,5.816235552,0,0,0,0,0,-67.88480188,Roget
Cape Roget,2024-05-02-20-09-23_UMBRA-08_GEC.tif,1929.412165,females present,-71.98334599,170.5975045,2/05/2024 20:09,2/05/2024,20:09:23,yes,2/05/2024 20:09,2024,5,2,123,2/05/2024,20:09:23 UTC,2/05/2024 20:09,8.764698029,255.3947144,248.7473297,66.2464783,55.8311758,66.2464783,0,6.651333658,12833.16407,7.296448415,6.0013966,11579.16761,14077.85633,11579.16761,14077.85633,1249.344363,-70.58715541,Roget
Cape Roget,2024-05-09-20-35-25_UMBRA-08_GEC.tif,1406.0468,females present,-71.98468337,170.596799,9/05/2024 20:35,9/05/2024,20:35:25,yes,9/05/2024 20:35,2024,5,9,130,9/05/2024,20:35:25 UTC,9/05/2024 20:35,3.245907545,251.0526581,240.4172668,45.95802827,37.15558729,45.95802827,0,5.040450108,7087.108745,5.481815818,4.612315274,6485.131131,7707.68959,6485.131131,7707.68959,611.2792291,-49.24085927,Roget
Cape Roget,2024-05-17-21-15-19_UMBRA-04_GEC.tif,1588.04102,females present,-71.98452484,170.5993469,17/05/2024 21:15,17/05/2024,21:15:19,yes,17/05/2024 21:15,2024,5,17,138,17/05/2024,21:15:19 UTC,17/05/2024 21:15,1.943489313,251.9128418,246.2410126,73.56992878,59.9694146,73.56992878,0,5.37509738,8535.875125,5.941570657,4.824803754,7661.986275,9435.457927,7661.986275,9435.457927,886.7358259,-53.77818213,Roget
Cape Roget,2024-05-24-21-22-03_UMBRA-05_GEC.tif,1732.589713,females present,-71.98355193,170.5982339,24/05/2024 21:22,24/05/2024,21:22:03,yes,24/05/2024 21:22,2024,5,24,145,24/05/2024,21:22:03 UTC,24/05/2024 21:22,5.917660713,250.955368,243.734314,63.87490126,51.59289608,63.87490126,0,6.196480873,10735.95902,6.817100782,5.579929431,9667.728332,11811.23869,9667.728332,11811.23869,1071.755177,-64.63753097,Roget
Cape Roget,2024-06-01-13-23-51_UMBRA-07_GEC.tif,1396.033592,females present,-71.9845059,170.5983481,1/06/2024 13:23,1/06/2024,13:23:51,yes,1/06/2024 13:23,2024,6,1,153,1/06/2024,13:23:51 UTC,1/06/2024 13:23,5.715419769,255.7397766,249.1745453,66.64143393,56.35042969,66.64143393,0,5.854855599,8173.575093,6.432506229,5.286215805,7379.734838,8979.994776,7379.734838,8979.994776,800.1299689,-60.1532479,Roget
Cape Roget,2024-06-07-10-57-16_UMBRA-05_GEC.tif,1438.872792,females present,-71.98515328,170.5942929,7/06/2024 10:57,7/06/2024,10:57:16,yes,7/06/2024 10:57,2024,6,7,159,7/06/2024,10:57:16 UTC,7/06/2024 10:57,1.86527729,249.0039978,243.2852783,74.2358507,58.85784639,74.2358507,0,5.590847464,8044.518301,6.195667292,5.000567408,7195.180388,8914.777095,7195.180388,8914.777095,859.7983534,-56.66020787,Roget
Cape Roget,2024-06-21-12-19-39_UMBRA-04_GEC.tif,955.1400241,male huddle,-71.98457302,170.60043,21/06/2024 12:19,21/06/2024,12:19:39,yes,21/06/2024 12:19,2024,6,21,173,21/06/2024,12:19:39 UTC,21/06/2024 12:19,9.460806847,250.1832581,245.8773499,84.27367536,67.57020662,84.27367536,0,7.698731427,7353.366521,8.469255424,6.887587141,6578.610148,8089.32483,6578.610148,8089.32483,755.357341,-84.50988619,Roget
Cape Roget,2024-06-25-21-07-07_UMBRA-08_GEC.tif,842.1613747,male huddle,-71.98467627,170.5959914,25/06/2024 21:07,25/06/2024,21:07:07,yes,25/06/2024 21:07,2024,6,25,177,25/06/2024,21:07:07 UTC,25/06/2024 21:07,1.914775133,248.2816772,242.7203369,75.60538415,59.53395705,75.60538415,0,5.694315638,4795.532685,6.317607594,5.084506626,4281.975089,5320.445096,4281.975089,5320.445096,519.2350033,-58.03297001,Roget
Cape Roget,2024-07-10-13-13-50_UMBRA-07_GEC.tif,930.7568206,male huddle,-71.98504339,170.6026991,10/07/2024 13:13,10/07/2024,13:13:50,yes,10/07/2024 13:13,2024,7,10,192,10/07/2024,13:13:50 UTC,10/07/2024 13:13,2.195976257,249.7650604,243.8304443,72.48592904,57.88789186,72.48592904,0,5.570493003,5184.774357,6.164092702,4.991254311,4645.643993,5737.271325,4645.643993,5737.271325,545.8136661,-56.38949745,Roget
Cape Roget,2024-07-16-11-53-21_UMBRA-08_GEC.tif,721.7907571,male huddle,-71.9868232,170.5984659,16/07/2024 11:53,16/07/2024,11:53:21,yes,16/07/2024 11:53,2024,7,16,198,16/07/2024,11:53:21 UTC,16/07/2024 11:53,1.689329267,250.1017761,242.5389557,61.9888682,49.66380307,61.9888682,0,5.142937618,3712.124837,5.652441325,4.649609159,3356.044915,4079.879903,3356.044915,4079.879903,361.9174941,-50.64045726,Roget
Cape Roget,2024-08-09-20-58-58_UMBRA-07_GEC.tif,979.6392797,female return,-71.98443901,170.5952464,9/08/2024 20:58,9/08/2024,20:58:58,yes,9/08/2024 20:58,2024,8,9,222,9/08/2024,20:58:58 UTC,9/08/2024 20:58,6.100194931,254.5297699,245.8889771,55.34318596,46.25660623,55.34318596,0,5.74153602,5624.634211,6.275814837,5.216540228,5110.327711,6148.034727,5110.327711,6148.034727,518.8535078,-58.65774833,Roget
Cape Washington,2024-03-30-12-16-12_UMBRA-08_GEC.tif,0,,-74.64639116,165.3868059,30/03/2024 12:16,30/03/2024,12:16:12,no,30/03/2024 12:16,2024,3,30,90,30/03/2024,12:16:12 UTC,30/03/2024 12:16,9.382911682,257.8631592,250.3222961,60.54997225,52.25551878,60.54997225,,,,,,,,,,,,Washington
Cape Washington,2024-04-23-13-06-28_UMBRA-04_GEC.tif,844.4068963,females present,-74.64639116,165.3868059,23/04/2024 13:06,23/04/2024,13:06:28,yes,23/04/2024 13:06,2024,4,23,114,23/04/2024,13:06:28 UTC,23/04/2024 13:06,3.953114271,250.6128845,244.7530518,72.72684669,58.5512349,72.72684669,0,5.958810554,5031.660726,6.58863322,5.337704946,4507.194867,5563.487328,4507.194867,5563.487328,528.1462306,-61.52105438,Washington
Cape Washington,2024-04-29-11-25-34_UMBRA-04_GEC.tif,3018.043601,females present,-74.64731817,165.3876549,29/04/2024 11:25,29/04/2024,11:25:34,yes,29/04/2024 11:25,2024,4,29,120,29/04/2024,11:25:34 UTC,29/04/2024 11:25,6.79892683,252.8451233,248.4190521,82.05724552,67.48662888,82.05724552,0,6.769464404,20430.53873,7.48417942,6.045812302,18246.52513,22587.57981,18246.52513,22587.57981,2170.527339,-72.13502014,Washington
Cape Washington,2024-05-09-20-36-21_UMBRA-07_GEC.tif,2430.03259,females present,-74.64768866,165.3922178,9/05/2024 20:36,9/05/2024,20:36:21,yes,9/05/2024 20:36,2024,5,9,130,9/05/2024,20:36:21 UTC,9/05/2024 20:36,3.364602327,251.5839081,247.9992981,89.27649636,72.54409748,89.27649636,0,6.180593383,15019.04335,6.880678256,5.486055263,13331.29308,16720.2724,13331.29308,16720.2724,1694.489661,-64.42954556,Washington
Cape Washington,2024-05-24-21-23-01_UMBRA-05_GEC.tif,2688.87637,females present,-74.64729035,165.3931905,24/05/2024 21:23,24/05/2024,21:23:01,yes,24/05/2024 21:23,2024,5,24,145,24/05/2024,21:23:01 UTC,24/05/2024 21:23,7.077545166,249.3694305,244.5878296,80.97579945,64.42502889,80.97579945,0,7.075533111,19025.23379,7.818214092,6.314513968,16978.9474,21022.21113,16978.9474,21022.21113,2021.631865,-76.16280558,Washington
Cape Washington,2024-06-06-14-00-06_UMBRA-08_GEC.tif,2360.087595,females present,-74.64668286,165.395295,6/06/2024 14:00,6/06/2024,14:00:06,yes,6/06/2024 14:00,2024,6,6,158,6/06/2024,14:00:06 UTC,6/06/2024 14:00,7.563270569,252.5730743,247.7462311,79.24234008,65.00216529,79.24234008,0,6.909596728,16307.25352,7.624805321,6.18180131,14589.59259,17995.20845,14589.59259,17995.20845,1702.807934,-73.97535954,Washington
Cape Washington,2024-06-20-11-32-16_UMBRA-05_GEC.tif,1632.904445,male huddle,-74.64699891,165.3936904,20/06/2024 11:32,20/06/2024,11:32:16,yes,20/06/2024 11:32,2024,6,20,172,20/06/2024,11:32:16 UTC,20/06/2024 11:32,5.571279049,248.6360626,243.6733856,79.90846795,63.13433793,79.90846795,0,6.718431952,10970.5574,7.440673928,5.988397199,9778.480404,12149.90953,9778.480404,12149.90953,1185.714563,-71.46601726,Washington
Cape Washington,2024-06-25-19-54-29_UMBRA-05_GEC.tif,1683.957717,male huddle,-74.64659493,165.3936599,25/06/2024 19:54,25/06/2024,19:54:29,yes,25/06/2024 19:54,2024,6,25,177,25/06/2024,19:54:29 UTC,25/06/2024 19:54,13.9746933,251.0938873,245.1786652,72.19474571,58.39009327,72.19474571,0,8.409655609,14161.50446,9.144717654,7.611643553,12817.6859,15399.31786,12817.6859,15399.31786,1290.815981,-94.46837115,Washington
Cape Washington,2024-07-10-12-08-23_UMBRA-04_GEC.tif,1636.343828,male huddle,-74.64691856,165.3936931,10/07/2024 12:08,10/07/2024,12:08:23,yes,10/07/2024 12:08,2024,7,10,192,10/07/2024,12:08:23 UTC,10/07/2024 12:08,2.472498894,249.4651642,244.7054291,81.10080237,64.58325899,81.10080237,0,5.893645812,9644.030949,6.549858099,5.248236155,8587.91884,10717.81987,8587.91884,10717.81987,1064.950517,-60.66405426,Washington
Cape Washington,2024-08-06-12-17-34_UMBRA-04_GEC.tif,1141.371422,male huddle,-74.64662949,165.3944583,6/08/2024 12:17,6/08/2024,12:17:34,yes,6/08/2024 12:17,2024,8,6,219,6/08/2024,12:17:34 UTC,6/08/2024 12:17,2.894445896,254.2295532,250.4298096,86.06372124,71.72648623,86.06372124,0,5.772767822,6588.872218,6.412952456,5.145249119,5872.640303,7319.560664,5872.640303,7319.560664,723.4601805,-59.07043941,Washington
Cape Washington,2024-08-09-21-35-14_UMBRA-04_GEC.tif,1851.565439,female return,-74.6478567,165.3968726,9/08/2024 21:35,9/08/2024,21:35:14,yes,9/08/2024 21:35,2024,8,9,222,9/08/2024,21:35:14 UTC,9/08/2024 21:35,7.013140202,257.3425598,252.7336731,78.5954805,67.49019441,78.5954805,0,6.387158768,11826.24243,7.04451018,5.730391593,10610.19502,13043.37158,10610.19502,13043.37158,1216.58828,-67.13171424,Washington
Coulman Island,2024-04-23-13-43-22_UMBRA-07_GEC.tif,1921.503091,females present,-73.35004211,169.6374718,23/04/2024 13:43,23/04/2024,13:43:22,yes,23/04/2024 13:43,2024,4,23,114,23/04/2024,13:43:22 UTC,23/04/2024 13:43,6.473973751,250.9225769,248.4110565,98.87759687,79.84022063,98.87759687,0,7.283165387,13994.6248,8.08391718,6.453872476,12401.13591,15533.27185,12401.13591,15533.27185,1566.067969,-78.91691424,Coulman
Coulman Island,2024-04-29-20-37-31_UMBRA-07_GEC.tif,3434.84187,females present,-73.34937617,169.6470039,29/04/2024 20:37,29/04/2024,20:37:31,yes,29/04/2024 20:37,2024,4,29,120,29/04/2024,20:37:31 UTC,29/04/2024 20:37,6.291778088,248.7719269,245.5054016,93.65478161,74.09060234,93.65478161,0,7.260041897,24937.09589,8.05252024,6.440416804,22121.8133,27659.13368,22121.8133,27659.13368,2768.660191,-78.60908969,Coulman
Coulman Island,2024-05-02-18-48-22_UMBRA-05_GEC.tif,3342.030279,females present,-73.35026958,169.6429872,2/05/2024 18:48,2/05/2024,18:48:22,yes,2/05/2024 18:48,2024,5,2,123,2/05/2024,18:48:22 UTC,2/05/2024 18:48,7.410161495,254.4798431,251.0258026,88.59748515,74.01556599,88.59748515,0,6.977095024,23317.66283,7.717814213,6.220957218,20790.62739,25793.16879,20790.62739,25793.16879,2501.270701,-74.86392356,Coulman
Coulman Island,2024-05-24-21-36-07_UMBRA-04_GEC.tif,3849.379653,females present,-73.34931067,169.6355041,24/05/2024 21:36,24/05/2024,21:36:07,yes,24/05/2024 21:36,2024,5,24,145,24/05/2024,21:36:07 UTC,24/05/2024 21:36,7.931353569,248.9235992,245.3324585,90.77067162,71.9125111,90.77067162,0,7.582837473,29189.22028,8.375301508,6.751709883,25989.89465,32239.71521,25989.89465,32239.71521,3124.910281,-82.93711961,Coulman
Coulman Island,2024-06-01-21-08-56_UMBRA-04_GEC.tif,3557.053739,females present,-73.34890779,169.6363683,1/06/2024 21:08,1/06/2024,21:08:56,yes,1/06/2024 21:08,2024,6,1,153,1/06/2024,21:08:56 UTC,1/06/2024 21:08,7.520655632,256.5113525,253.2736664,89.02635527,75.83869714,89.02635527,0,6.862386736,24409.8784,7.589694888,6.123334271,21781.02906,26996.95258,21781.02906,26996.95258,2607.961759,-73.35474902,Coulman
Coulman Island,2024-06-07-12-39-24_UMBRA-04_GEC.tif,3565.157141,females present,-73.3489902,169.6388174,7/06/2024 12:39,7/06/2024,12:39:24,yes,7/06/2024 12:39,2024,6,7,159,7/06/2024,12:39:24 UTC,7/06/2024 12:39,5.332817554,252.6627655,247.2275696,74.91650158,61.50644195,74.91650158,0,6.214528485,22155.77061,6.865681338,5.567484635,19848.9576,24477.23285,19848.9576,24477.23285,2314.137623,-64.87375239,Coulman
Coulman Island,2024-06-19-20-47-45_UMBRA-07_GEC.tif,3448.58102,females present,-73.34701632,169.636822,19/06/2024 20:47,19/06/2024,20:47:45,yes,19/06/2024 20:47,2024,6,19,171,19/06/2024,20:47:45 UTC,19/06/2024 20:47,3.901942492,246.8889313,243.9740753,98.0396981,76.18765099,98.0396981,0,6.91348746,23841.72164,7.712193682,6.098923901,21032.63321,26596.12475,21032.63321,26596.12475,2781.745772,-74.02653679,Coulman
Coulman Island,2024-06-25-13-19-13_UMBRA-08_GEC.tif,2550.6261,male huddle,-73.34678849,169.6359561,,25/06/2024,13:19:13,,25/06/2024 13:19,2024,6,25,177,25/06/2024,13:19:13 UTC,25/06/2024 13:19,10.19779873,249.4413452,244.8944702,82.74828272,65.88027505,82.74828272,0,7.893786771,20134.09856,8.665358736,7.074217488,18043.68376,22102.09016,18043.68376,22102.09016,2029.203198,-87.18444198,Coulman
Coulman Island,2024-07-10-21-17-47_UMBRA-04_GEC.tif,2487.969609,male huddle,-73.34678849,169.6359561,10/07/2024 21:17,10/07/2024,21:17:47,yes,10/07/2024 21:17,2024,7,10,192,10/07/2024,21:17:47 UTC,10/07/2024 21:17,4.47648716,248.5966492,246.0776367,100.5187621,79.38847078,100.5187621,0,6.996746878,17407.69359,7.800343216,6.17430993,15361.49546,19407.01686,15361.49546,19407.01686,2022.760699,-75.12292691,Coulman
Coulman Island,2024-07-16-13-27-00_UMBRA-07_GEC.tif,2183.149835,male huddle,-73.34817214,169.6327198,16/07/2024 13:27,16/07/2024,13:27:00,yes,16/07/2024 13:27,2024,7,16,198,16/07/2024,13:27:00 UTC,16/07/2024 13:27,3.620754004,246.7353973,244.3821411,103.491996,80.30802915,103.491996,0,6.999963266,15281.96865,7.820709163,6.159440989,13446.98258,17073.77992,13446.98258,17073.77992,1813.39867,-75.16533127,Coulman
Coulman Island,2024-08-06-12-10-54_UMBRA-05_GEC.tif,2323.53444,male huddle,-73.34522754,169.6407157,6/08/2024 12:10,6/08/2024,12:10:54,yes,6/08/2024 12:10,2024,8,6,219,6/08/2024,12:10:54 UTC,6/08/2024 12:10,3.27963686,256.7861938,252.0235596,77.80352074,66.45365503,77.80352074,0,5.45764112,12681.0171,6.026322392,4.903944112,11394.48304,14002.36762,11394.48304,14002.36762,1303.942294,-54.88424766,Coulman
Coulman Island,2024-08-08-19-29-30_UMBRA-05_GEC.tif,1927.186462,female return,-73.34508453,169.6327373,8/08/2024 19:29,8/08/2024,19:29:30,yes,8/08/2024 19:29,2024,8,8,221,8/08/2024,19:29:30 UTC,8/08/2024 19:29,7.062318325,255.6447906,249.0371246,66.41411143,56.10700894,66.41411143,0,6.200174903,11948.89314,6.809333743,5.594870131,10782.35797,13122.8558,10782.35797,13122.8558,1170.248915,-64.68588494,Coulman
Franklin Island,2024-03-29-19-15-03_UMBRA-04_GEC.tif,0,,-76.17710934,168.3951361,29/03/2024 19:15,29/03/2024,19:15:03,no,29/03/2024 19:15,2024,3,29,89,29/03/2024,19:15:03 UTC,29/03/2024 19:15,1.520440936,256.7908936,254.992218,100.5407085,85.87785449,100.5407085,,,,,,,,,,,,Franklin
Franklin Island,2024-03-30-10-08-04_UMBRA-06_GEC.tif,0,,-76.17710934,168.3951361,30/03/2024 10:08,30/03/2024,10:08:04,no,30/03/2024 10:08,2024,3,30,90,30/03/2024,10:08:04 UTC,30/03/2024 10:08,1.520440936,256.7908936,254.992218,100.5407085,85.87785449,100.5407085,,,,,,,,,,,,Franklin
Franklin Island,2024-04-06-21-02-03_UMBRA-05_GEC.tif,0,,-76.17710934,168.3951361,6/04/2024 21:02,6/04/2024,21:02:03,no,6/04/2024 21:02,2024,4,6,97,6/04/2024,21:02:03 UTC,6/04/2024 21:02,1.729792833,253.8157349,251.6148834,99.44258087,82.54853572,99.44258087,2.862222222,5.859738616,0,6.553899091,5.178436972,0,0,0,0,0,-60.21757871,Franklin
Franklin Island,2024-04-23-15-17-29_UMBRA-07_GEC.tif,116.8238632,females present,-76.17710934,168.3951361,23/04/2024 15:17,23/04/2024,15:17:29,yes,23/04/2024 15:17,2024,4,23,114,23/04/2024,15:17:29 UTC,23/04/2024 15:17,3.090034723,250.4795837,247.782135,97.53593559,78.42493064,97.53593559,0,6.417944025,749.7690149,7.168732282,5.66707519,662.0496168,837.4789995,662.0496168,837.4789995,87.71469135,-67.5342283,Franklin
Franklin Island,2024-04-29-11-24-50_UMBRA-04_GEC.tif,839.8387,females present,-76.17726909,168.3912272,,29/04/2024,11:24:50,,29/04/2024 11:24,2024,4,29,120,29/04/2024,11:24:50 UTC,29/04/2024 11:24,5.807609081,250.3822327,247.2237396,93.57182409,75.16777178,93.57182409,0,7.013613568,5890.304101,7.788790486,6.220390906,5224.125012,6541.327676,5224.125012,6541.327676,658.6013321,-75.34533849,Franklin
Franklin Island,2024-05-02-15-28-16_UMBRA-07_GEC.tif,2395.684666,females present,-76.17726909,168.3912272,2/05/2024 15:28,2/05/2024,15:28:16,yes,2/05/2024 15:28,2024,5,2,123,2/05/2024,15:28:16 UTC,2/05/2024 15:28,2.493111372,251.2481232,248.822052,99.40320932,80.51432912,99.40320932,0,6.256565965,14988.75914,6.997632225,5.519706965,13223.47734,16764.12022,13223.47734,16764.12022,1770.321442,-65.42381743,Franklin
Franklin Island,2024-05-09-21-19-25_UMBRA-04_GEC.tif,1164.731688,females present,-76.1773399,168.3905528,9/05/2024 21:19,9/05/2024,21:19:25,yes,9/05/2024 21:19,2024,5,9,130,9/05/2024,21:19:25 UTC,9/05/2024 21:19,3.05440712,248.8592987,246.1301575,98.39270313,77.90341499,98.39270313,0,6.555882312,7635.843872,7.326138885,5.781540087,6733.942945,8532.98611,6733.942945,8532.98611,899.5215826,-69.33804313,Franklin
Franklin Island,2024-05-17-21-03-38_UMBRA-05_GEC.tif,990.33649,females present,-76.17726909,168.3912272,,17/05/2024,21:03:38,,17/05/2024 21:03,2024,5,17,138,17/05/2024,21:03:38 UTC,17/05/2024 21:03,4.850942612,250.0163574,247.1609344,96.45596985,77.21507631,96.45596985,0,6.875136151,6808.698204,7.653839315,6.082559904,6023.781026,7579.876363,6023.781026,7579.876363,778.0476685,-73.52228363,Franklin
Franklin Island,2024-05-24-21-23-43_UMBRA-05_GEC.tif,1170.398216,females present,-76.17790199,168.3903008,24/05/2024 21:23,24/05/2024,21:23:43,yes,24/05/2024 21:23,2024,5,24,145,24/05/2024,21:23:43 UTC,24/05/2024 21:23,5.477524757,246.0940399,243.1659546,98.4496518,75.93389072,98.4496518,0,7.383151436,8641.227269,8.205025939,6.527413524,7639.673144,9603.147721,7639.673144,9603.147721,981.7372885,-80.25158426,Franklin
Franklin Island,2024-06-07-18-46-38_UMBRA-05_GEC.tif,1047.064489,females present,-76.17745707,168.3915643,7/06/2024 18:46,7/06/2024,18:46:38,yes,7/06/2024 18:46,2024,6,7,159,7/06/2024,18:46:38 UTC,7/06/2024 18:46,2.099833012,254.4424896,252.5217285,101.4086486,84.68784865,101.4086486,0,5.96630695,6247.108138,6.674977869,5.268473179,5516.431177,6989.132292,5516.431177,6989.132292,736.3505574,-61.61955843,Franklin
Franklin Island,2024-06-24-20-55-35_UMBRA-04_GEC.tif,684.65656,male huddle,-76.17726909,168.3912272,,24/06/2024,20:55:35,,24/06/2024 20:55,2024,6,24,176,24/06/2024,20:55:35 UTC,24/06/2024 20:55,4.671126366,244.5587158,241.7239075,100.3768809,76.30907375,100.3768809,0,7.34664573,5029.929193,8.179473038,6.48045169,4436.883761,5600.129873,4436.883761,5600.129873,581.6230557,-79.76357719,Franklin
Franklin Island,2024-08-09-20-49-47_UMBRA-05_GEC.tif,878.5774391,female return,-76.1763633,168.3902185,9/08/2024 20:49,9/08/2024,20:49:47,yes,9/08/2024 20:49,2024,8,9,222,9/08/2024,20:49:47 UTC,9/08/2024 20:49,3.463302135,258.4887695,255.9905396,93.46438537,81.14829241,93.46438537,0,5.792959022,5089.563102,6.441251881,5.157243657,4531.037925,5659.138582,4531.037925,5659.138582,564.0503287,-59.33702462,Franklin
