,year,site_number,N_mean,N_se,N_q025,N_q05,N_median,N_q95,N_q975,site_id,site_name,lat,lon,img_lat_mean,img_lon_mean,ccamlr_reg,ice_reg,p_ice_reg,MPA_current_name,MPA_proposed_name,in_MPA_current,in_MPA_any
1,2009,1,5473.48941,1113.886142,3706.596867,3926.341546,5330.578622,7509.793642,8056.966014,AMAN,Amanda,-69.27,76.83,-69.27,59.75666667,Division 58.4.2,East Indian Ocean,Indian,,,no,no
51,2010,1,5030.363589,1149.397151,3276.227841,3472.844634,4867.68596,7113.997103,7704.076642,AMAN,Amanda,-69.27,76.83,-69.27,59.75666667,Division 58.4.2,East Indian Ocean,Indian,,,no,no
101,2011,1,4243.531786,1147.176575,2565.811488,2744.041413,4058.699788,6371.553833,6974.712735,AMAN,Amanda,-69.27,76.83,-69.27,59.75666667,Division 58.4.2,East Indian Ocean,Indian,,,no,no
151,2012,1,4289.586364,1250.441392,2470.969949,2673.153134,4074.400994,6617.473562,7333.978494,AMAN,Amanda,-69.27,76.83,-69.27,59.75666667,Division 58.4.2,East Indian Ocean,Indian,,,no,no
201,2013,1,4180.699678,1710.138595,0,1614.756443,4081.70719,7052.871651,7799.015506,AMAN,Amanda,-69.27,76.83,-69.27,59.75666667,Division 58.4.2,East Indian Ocean,Indian,,,no,no
251,2014,1,4323.753093,964.1318491,2851.721791,3017.796956,4181.415237,6096.764008,6564.028741,AMAN,Amanda,-69.27,76.83,-69.27,59.75666667,Division 58.4.2,East Indian Ocean,Indian,,,no,no
301,2015,1,4071.110461,1217.477216,2299.924676,2492.201144,3878.182874,6356.521393,7004.737754,AMAN,Amanda,-69.27,76.83,-69.27,59.75666667,Division 58.4.2,East Indian Ocean,Indian,,,no,no
351,2016,1,5346.976004,1225.140979,3496.364119,3694.344707,5174.049305,7576.105252,8215.029379,AMAN,Amanda,-69.27,76.83,-69.27,59.75666667,Division 58.4.2,East Indian Ocean,Indian,,,no,no
401,2017,1,3905.785849,1147.340214,2311.625447,2482.018792,3694.646816,6029.584032,6699.50679,AMAN,Amanda,-69.27,76.83,-69.27,59.75666667,Division 58.4.2,East Indian Ocean,Indian,,,no,no
451,2018,1,3410.952456,1408.375911,1654.866188,1823.638494,3095.504954,6048.935541,6961.396143,AMAN,Amanda,-69.27,76.83,-69.27,59.75666667,Division 58.4.2,East Indian Ocean,Indian,,,no,no
2,2009,2,140.1599457,77.62654389,61.4633616,67.34556325,119.6105411,277.7529943,340.8330986,AMUN,Amundsen,-66.78,50.55,-66.78,0,Division 58.4.2,West Indian Ocean,Indian,,,no,no
52,2010,2,0.004367495,0.756472384,0,0,0,0,0,AMUN,Amundsen,-66.78,50.55,-66.78,0,Division 58.4.2,West Indian Ocean,Indian,,,no,no
102,2011,2,83.64191505,41.48404637,41.61330427,45.04737864,73.61445749,154.2521147,186.9201795,AMUN,Amundsen,-66.78,50.55,-66.78,0,Division 58.4.2,West Indian Ocean,Indian,,,no,no
152,2012,2,0.003119662,0.540341389,0,0,0,0,0,AMUN,Amundsen,-66.78,50.55,-66.78,0,Division 58.4.2,West Indian Ocean,Indian,,,no,no
202,2013,2,80.01310917,45.47560468,0,18.32884806,72.80082689,160.186186,187.1482763,AMUN,Amundsen,-66.78,50.55,-66.78,0,Division 58.4.2,West Indian Ocean,Indian,,,no,no
252,2014,2,78.31645422,41.90059215,0,0,72.56350459,150.1852671,175.2667421,AMUN,Amundsen,-66.78,50.55,-66.78,0,Division 58.4.2,West Indian Ocean,Indian,,,no,no
302,2015,2,79.29511956,30.27531299,42.36565254,45.82566744,73.01687476,132.7522974,152.6579662,AMUN,Amundsen,-66.78,50.55,-66.78,0,Division 58.4.2,West Indian Ocean,Indian,,,no,no
352,2016,2,0.002616605,0.453209339,0,0,0,0,0,AMUN,Amundsen,-66.78,50.55,-66.78,0,Division 58.4.2,West Indian Ocean,Indian,,,no,no
402,2017,2,72.45157135,33.83090601,35.41532294,38.54379235,64.42712002,133.5675349,157.3729689,AMUN,Amundsen,-66.78,50.55,-66.78,0,Division 58.4.2,West Indian Ocean,Indian,,,no,no
452,2018,2,70.36984887,49.10082095,0,14.846705,60.48880091,155.1141922,187.1833219,AMUN,Amundsen,-66.78,50.55,-66.78,0,Division 58.4.2,West Indian Ocean,Indian,,,no,no
3,2009,3,2589.415686,1150.885311,1186.497512,1298.101336,2320.690079,4778.716176,5592.76846,ASTD,Astrid,-69.95,8.31,-69.95,4.986,Subarea 48.6,Dronning Maud Land,Weddell,,P-WEDDELL,no,no
53,2010,3,2806.248987,907.6849899,1576.888696,1699.733766,2634.316981,4521.211731,5068.309709,ASTD,Astrid,-69.95,8.31,-69.95,4.986,Subarea 48.6,Dronning Maud Land,Weddell,,P-WEDDELL,no,no
103,2011,3,3043.715402,872.9159044,1794.150675,1929.447297,2896.501608,4649.300562,5151.429778,ASTD,Astrid,-69.95,8.31,-69.95,4.986,Subarea 48.6,Dronning Maud Land,Weddell,,P-WEDDELL,no,no
153,2012,3,3074.548563,953.257802,1748.316129,1880.419964,2904.07216,4854.735026,5429.54192,ASTD,Astrid,-69.95,8.31,-69.95,4.986,Subarea 48.6,Dronning Maud Land,Weddell,,P-WEDDELL,no,no
203,2013,3,3158.597638,1135.965835,1517.028764,1684.383235,2955.644898,5266.440259,5879.409743,ASTD,Astrid,-69.95,8.31,-69.95,4.986,Subarea 48.6,Dronning Maud Land,Weddell,,P-WEDDELL,no,no
253,2014,3,3780.442294,1005.01042,2304.718048,2472.243554,3618.3464,5659.893022,6205.04117,ASTD,Astrid,-69.95,8.31,-69.95,4.986,Subarea 48.6,Dronning Maud Land,Weddell,,P-WEDDELL,no,no
303,2015,3,3673.103082,1013.937829,2200.193091,2363.24085,3502.848318,5548.472662,6107.347803,ASTD,Astrid,-69.95,8.31,-69.95,4.986,Subarea 48.6,Dronning Maud Land,Weddell,,P-WEDDELL,no,no
353,2016,3,3055.51006,1191.538824,1388.844541,1550.210904,2841.114161,5242.924054,5902.98681,ASTD,Astrid,-69.95,8.31,-69.95,4.986,Subarea 48.6,Dronning Maud Land,Weddell,,P-WEDDELL,no,no
403,2017,3,3122.182235,1236.71169,1407.620645,1568.443692,2894.754632,5410.614194,6092.902067,ASTD,Astrid,-69.95,8.31,-69.95,4.986,Subarea 48.6,Dronning Maud Land,Weddell,,P-WEDDELL,no,no
453,2018,3,3865.230688,1080.242684,2364.216528,2523.214939,3667.749802,5831.473447,6520.046743,ASTD,Astrid,-69.95,8.31,-69.95,4.986,Subarea 48.6,Dronning Maud Land,Weddell,,P-WEDDELL,no,no
4,2009,4,9221.212703,2310.95707,5830.305737,6215.751814,8858.301622,13504.85296,14778.9676,ATKA,Atka,-70.61,-8.13,-70.61,-7.8048,Subarea 48.6,Dronning Maud Land,Weddell,,P-WEDDELL,no,no
54,2010,4,8384.991646,1900.979499,5479.301186,5824.694078,8120.157817,11878.67364,12880.81317,ATKA,Atka,-70.61,-8.13,-70.61,-7.8048,Subarea 48.6,Dronning Maud Land,Weddell,,P-WEDDELL,no,no
104,2011,4,7476.934197,877.3507433,5934.166744,6143.931955,7419.608004,9007.343181,9373.222848,ATKA,Atka,-70.61,-8.13,-70.61,-7.8048,Subarea 48.6,Dronning Maud Land,Weddell,,P-WEDDELL,no,no
154,2012,4,6096.860899,1422.27491,3915.313128,4171.325377,5892.750484,8697.141987,9413.464739,ATKA,Atka,-70.61,-8.13,-70.61,-7.8048,Subarea 48.6,Dronning Maud Land,Weddell,,P-WEDDELL,no,no
204,2013,4,5004.133294,1361.850735,3037.442589,3246.122702,4768.240698,7501.738596,8274.90084,ATKA,Atka,-70.61,-8.13,-70.61,-7.8048,Subarea 48.6,Dronning Maud Land,Weddell,,P-WEDDELL,no,no
254,2014,4,4780.321701,1452.17228,2699.156627,2912.560422,4534.508015,7486.015824,8299.670851,ATKA,Atka,-70.61,-8.13,-70.61,-7.8048,Subarea 48.6,Dronning Maud Land,Weddell,,P-WEDDELL,no,no
304,2015,4,5011.839936,1477.90938,2956.453929,3164.940073,4742.566125,7752.802965,8709.276329,ATKA,Atka,-70.61,-8.13,-70.61,-7.8048,Subarea 48.6,Dronning Maud Land,Weddell,,P-WEDDELL,no,no
354,2016,4,6241.157837,1982.770656,3370.828621,3681.58124,5925.285253,9942.558097,11030.74772,ATKA,Atka,-70.61,-8.13,-70.61,-7.8048,Subarea 48.6,Dronning Maud Land,Weddell,,P-WEDDELL,no,no
404,2017,4,9432.46718,1945.73279,6259.660602,6645.188137,9217.307882,12945.40972,13855.49656,ATKA,Atka,-70.61,-8.13,-70.61,-7.8048,Subarea 48.6,Dronning Maud Land,Weddell,,P-WEDDELL,no,no
454,2018,4,7950.045044,1433.719218,5550.870321,5849.690975,7812.173566,10535.76594,11158.1111,ATKA,Atka,-70.61,-8.13,-70.61,-7.8048,Subarea 48.6,Dronning Maud Land,Weddell,,P-WEDDELL,no,no
5,2009,5,6416.82412,1826.844346,3875.77554,4142.073297,6098.663107,9779.319523,10851.47186,AUST,Auster,-67.39,63.98,-67.39,54.84,Division 58.4.2,West Indian Ocean,Indian,,P-EARSMPA,no,no
55,2010,5,4327.501553,1687.796259,1959.888101,2185.878971,4022.674965,7502.088358,8379.271168,AUST,Auster,-67.39,63.98,-67.39,54.84,Division 58.4.2,West Indian Ocean,Indian,,P-EARSMPA,no,no
105,2011,5,3617.222108,1404.959752,1691.541102,1885.014612,3346.812561,6264.721453,7039.437662,AUST,Auster,-67.39,63.98,-67.39,54.84,Division 58.4.2,West Indian Ocean,Indian,,P-EARSMPA,no,no
155,2012,5,3733.477978,1176.530494,2084.2226,2254.162461,3521.342005,5934.510933,6624.066145,AUST,Auster,-67.39,63.98,-67.39,54.84,Division 58.4.2,West Indian Ocean,Indian,,P-EARSMPA,no,no
205,2013,5,4139.751252,1124.136395,2515.584028,2694.537258,3957.869606,6208.177601,6830.24873,AUST,Auster,-67.39,63.98,-67.39,54.84,Division 58.4.2,West Indian Ocean,Indian,,P-EARSMPA,no,no
255,2014,5,4139.673143,1191.477435,2499.279851,2668.89927,3926.713626,6333.341144,7005.798413,AUST,Auster,-67.39,63.98,-67.39,54.84,Division 58.4.2,West Indian Ocean,Indian,,P-EARSMPA,no,no
305,2015,5,3463.830856,1509.351774,1608.608598,1766.162114,3120.074341,6353.969077,7416.811071,AUST,Auster,-67.39,63.98,-67.39,54.84,Division 58.4.2,West Indian Ocean,Indian,,P-EARSMPA,no,no
355,2016,5,3365.853134,2219.101921,0,600.5621046,2937.543772,7332.312485,8862.072641,AUST,Auster,-67.39,63.98,-67.39,54.84,Division 58.4.2,West Indian Ocean,Indian,,P-EARSMPA,no,no
405,2017,5,3453.412609,2802.74026,0,379.3144226,2803.814406,8535.244718,10539.79247,AUST,Auster,-67.39,63.98,-67.39,54.84,Division 58.4.2,West Indian Ocean,Indian,,P-EARSMPA,no,no
455,2018,5,3530.039163,3328.450285,0,0,2664.937894,9396.719553,11972.1139,AUST,Auster,-67.39,63.98,-67.39,54.84,Division 58.4.2,West Indian Ocean,Indian,,P-EARSMPA,no,no
6,2009,6,491.3234478,323.9780038,0,127.8372172,429.421344,1045.785622,1265.928616,BBAY,Barrier,-67.22,81.92,-67.22,0,Division 58.4.1,East Indian Ocean,Indian,,,no,no
56,2010,6,392.6167418,192.0413608,189.0217373,205.0212651,347.2364537,722.6566675,858.9065301,BBAY,Barrier,-67.22,81.92,-67.22,0,Division 58.4.1,East Indian Ocean,Indian,,,no,no
106,2011,6,0,0,0,0,0,0,0,BBAY,Barrier,-67.22,81.92,-67.22,0,Division 58.4.1,East Indian Ocean,Indian,,,no,no
156,2012,6,271.0921556,147.5684047,109.1701336,122.9701107,240.3464909,505.1329362,599.4911285,BBAY,Barrier,-67.22,81.92,-67.22,0,Division 58.4.1,East Indian Ocean,Indian,,,no,no
206,2013,6,274.1195412,114.1209625,132.748895,145.1804021,251.4876426,473.2531044,550.863209,BBAY,Barrier,-67.22,81.92,-67.22,0,Division 58.4.1,East Indian Ocean,Indian,,,no,no
256,2014,6,334.3411354,93.43166072,204.1776146,218.227638,318.1840766,504.1793318,566.6905286,BBAY,Barrier,-67.22,81.92,-67.22,0,Division 58.4.1,East Indian Ocean,Indian,,,no,no
306,2015,6,321.8573063,99.08082543,181.7575157,196.66515,304.0886289,509.7638163,561.6274334,BBAY,Barrier,-67.22,81.92,-67.22,0,Division 58.4.1,East Indian Ocean,Indian,,,no,no
356,2016,6,330.7240419,108.1892497,176.9054709,192.3695491,312.1814436,533.5966141,592.6382982,BBAY,Barrier,-67.22,81.92,-67.22,0,Division 58.4.1,East Indian Ocean,Indian,,,no,no
406,2017,6,404.2516625,104.9435101,253.0136234,269.1287412,387.07238,598.2243975,656.5086322,BBAY,Barrier,-67.22,81.92,-67.22,0,Division 58.4.1,East Indian Ocean,Indian,,,no,no
456,2018,6,0,0,0,0,0,0,0,BBAY,Barrier,-67.22,81.92,-67.22,0,Division 58.4.1,East Indian Ocean,Indian,,,no,no
8,2009,8,7585.191422,1851.489238,4894.263478,5201.026474,7283.378399,10999.69886,12051.44145,BEAR,Bear,-74.35,-110.25,-74.3555,-82.6875,Subarea 88.2,Amundsen Sea,Bell-Amundsen,,,no,no
58,2010,8,4752.464844,1798.272978,2208.924142,2486.70611,4442.440139,8115.435656,9231.430733,BEAR,Bear,-74.35,-110.25,-74.3555,-82.6875,Subarea 88.2,Amundsen Sea,Bell-Amundsen,,,no,no
108,2011,8,3478.143999,1321.287704,1601.15999,1800.834976,3256.903714,5905.110619,6666.652759,BEAR,Bear,-74.35,-110.25,-74.3555,-82.6875,Subarea 88.2,Amundsen Sea,Bell-Amundsen,,,no,no
158,2012,8,3079.790839,813.4587707,1922.363796,2042.495662,2940.639211,4599.793669,5067.762011,BEAR,Bear,-74.35,-110.25,-74.3555,-82.6875,Subarea 88.2,Amundsen Sea,Bell-Amundsen,,,no,no
208,2013,8,2620.195424,751.7481765,1542.54271,1654.977344,2500.237655,4002.327877,4439.049719,BEAR,Bear,-74.35,-110.25,-74.3555,-82.6875,Subarea 88.2,Amundsen Sea,Bell-Amundsen,,,no,no
258,2014,8,2846.55704,720.948414,1776.506869,1900.108227,2734.510797,4147.521652,4536.617152,BEAR,Bear,-74.35,-110.25,-74.3555,-82.6875,Subarea 88.2,Amundsen Sea,Bell-Amundsen,,,no,no
308,2015,8,3209.089505,798.655017,2027.76357,2162.162228,3088.276741,4677.143085,5124.374802,BEAR,Bear,-74.35,-110.25,-74.3555,-82.6875,Subarea 88.2,Amundsen Sea,Bell-Amundsen,,,no,no
358,2016,8,3180.074495,1417.408181,0,1103.410382,3048.208416,5619.160234,6342.762655,BEAR,Bear,-74.35,-110.25,-74.3555,-82.6875,Subarea 88.2,Amundsen Sea,Bell-Amundsen,,,no,no
408,2017,8,3216.592194,1499.087677,0,985.3566014,3053.293959,5826.74875,6620.460631,BEAR,Bear,-74.35,-110.25,-74.3555,-82.6875,Subarea 88.2,Amundsen Sea,Bell-Amundsen,,,no,no
458,2018,8,3310.894947,1086.088274,1931.889974,2065.484425,3082.642724,5318.578011,6016.117026,BEAR,Bear,-74.35,-110.25,-74.3555,-82.6875,Subarea 88.2,Amundsen Sea,Bell-Amundsen,,,no,no
7,2009,7,1935.698736,637.269848,1073.68114,1160.64346,1815.892002,3124.659615,3528.193047,BEAN,Beaufort,-76.94,167.02,-76.94,146.1425,Subarea 88.1,Victoria Oates Land,Ross,Ross,,yes,yes
57,2010,7,1715.764304,418.322365,1083.136354,1156.981917,1656.665976,2479.123238,2702.068505,BEAN,Beaufort,-76.94,167.02,-76.94,146.1425,Subarea 88.1,Victoria Oates Land,Ross,Ross,,yes,yes
107,2011,7,1219.820208,346.7317292,675.6265761,737.8946413,1172.978976,1854.869701,2022.780142,BEAN,Beaufort,-76.94,167.02,-76.94,146.1425,Subarea 88.1,Victoria Oates Land,Ross,Ross,,yes,yes
157,2012,7,1205.125532,347.2993867,660.0483146,727.428473,1158.83934,1843.869103,2017.557132,BEAN,Beaufort,-76.94,167.02,-76.94,146.1425,Subarea 88.1,Victoria Oates Land,Ross,Ross,,yes,yes
207,2013,7,1492.105379,393.382105,909.2964315,977.9879851,1429.673025,2211.415679,2438.005451,BEAN,Beaufort,-76.94,167.02,-76.94,146.1425,Subarea 88.1,Victoria Oates Land,Ross,Ross,,yes,yes
257,2014,7,1618.216396,421.5690637,1005.128215,1069.785943,1548.42855,2395.222888,2636.073469,BEAN,Beaufort,-76.94,167.02,-76.94,146.1425,Subarea 88.1,Victoria Oates Land,Ross,Ross,,yes,yes
307,2015,7,1434.110127,476.3177164,749.1962542,822.4038965,1353.443203,2303.915706,2575.044771,BEAN,Beaufort,-76.94,167.02,-76.94,146.1425,Subarea 88.1,Victoria Oates Land,Ross,Ross,,yes,yes
357,2016,7,1552.186381,411.2708864,962.9833829,1025.600331,1482.425594,2317.837607,2548.258296,BEAN,Beaufort,-76.94,167.02,-76.94,146.1425,Subarea 88.1,Victoria Oates Land,Ross,Ross,,yes,yes
407,2017,7,1155.316176,519.0130528,0,383.4731712,1105.885712,2057.281898,2312.221318,BEAN,Beaufort,-76.94,167.02,-76.94,146.1425,Subarea 88.1,Victoria Oates Land,Ross,Ross,,yes,yes
457,2018,7,927.7230721,375.2768581,400.0990369,453.3254476,860.4169663,1630.814765,1843.23665,BEAN,Beaufort,-76.94,167.02,-76.94,146.1425,Subarea 88.1,Victoria Oates Land,Ross,Ross,,yes,yes
9,2009,9,1985.539973,664.9874398,1119.827668,1210.158315,1847.458789,3222.17892,3676.495615,BOWM,Bowman,-65.16,103.07,-65.16,73.62142857,Division 58.4.1,Australia,Pacific,,,no,no
59,2010,9,2088.67867,648.5824171,1169.057874,1264.61443,1973.110292,3300.377675,3671.871547,BOWM,Bowman,-65.16,103.07,-65.16,73.62142857,Division 58.4.1,Australia,Pacific,,,no,no
109,2011,9,2476.059884,549.7643953,1628.070156,1727.867689,2401.910654,3482.43536,3760.47006,BOWM,Bowman,-65.16,103.07,-65.16,73.62142857,Division 58.4.1,Australia,Pacific,,,no,no
159,2012,9,1840.557283,757.9372071,0,612.4949628,1791.719556,3124.862503,3477.278299,BOWM,Bowman,-65.16,103.07,-65.16,73.62142857,Division 58.4.1,Australia,Pacific,,,no,no
209,2013,9,1470.310537,459.9476243,827.1051949,893.1303853,1387.039803,2328.082447,2605.7488,BOWM,Bowman,-65.16,103.07,-65.16,73.62142857,Division 58.4.1,Australia,Pacific,,,no,no
259,2014,9,1143.354744,394.2215082,609.994608,663.5119836,1070.369699,1872.806544,2113.360919,BOWM,Bowman,-65.16,103.07,-65.16,73.62142857,Division 58.4.1,Australia,Pacific,,,no,no
309,2015,9,1018.339417,349.0862561,570.1837935,612.5240043,946.2222659,1662.03729,1905.237286,BOWM,Bowman,-65.16,103.07,-65.16,73.62142857,Division 58.4.1,Australia,Pacific,,,no,no
359,2016,9,824.7695636,449.8204464,0,237.0093706,751.3370932,1633.958428,1911.021224,BOWM,Bowman,-65.16,103.07,-65.16,73.62142857,Division 58.4.1,Australia,Pacific,,,no,no
409,2017,9,696.6040712,459.4875149,0,0,601.5186467,1528.051333,1857.572989,BOWM,Bowman,-65.16,103.07,-65.16,73.62142857,Division 58.4.1,Australia,Pacific,,,no,no
459,2018,9,616.6780483,445.3308511,212.6942315,237.0651446,490.8932556,1409.466659,1774.194998,BOWM,Bowman,-65.16,103.07,-65.16,73.62142857,Division 58.4.1,Australia,Pacific,,,no,no
11,2009,11,5478.592889,1603.917852,3199.08229,3442.332319,5194.374404,8473.694403,9407.434272,BSON,Brownson,-74.35,-103.64,-74.35,-74.02857143,Subarea 88.3,Amundsen Sea,Bell-Amundsen,,,no,no
61,2010,11,4547.208282,1270.499647,2688.871054,2895.849487,4342.233155,6882.548862,7622.064712,BSON,Brownson,-74.35,-103.64,-74.35,-74.02857143,Subarea 88.3,Amundsen Sea,Bell-Amundsen,,,no,no
111,2011,11,3694.279025,985.921153,2282.272071,2437.766228,3534.074401,5506.148362,6069.507863,BSON,Brownson,-74.35,-103.64,-74.35,-74.02857143,Subarea 88.3,Amundsen Sea,Bell-Amundsen,,,no,no
161,2012,11,3247.094565,1010.204428,1870.43013,1998.952247,3056.585232,5113.306126,5676.297435,BSON,Brownson,-74.35,-103.64,-74.35,-74.02857143,Subarea 88.3,Amundsen Sea,Bell-Amundsen,,,no,no
211,2013,11,2586.525428,1361.639484,0,747.3389816,2395.216873,4996.126252,5800.33103,BSON,Brownson,-74.35,-103.64,-74.35,-74.02857143,Subarea 88.3,Amundsen Sea,Bell-Amundsen,,,no,no
261,2014,11,2252.267844,1292.261724,733.1119129,842.6148711,1955.151349,4690.356118,5683.98275,BSON,Brownson,-74.35,-103.64,-74.35,-74.02857143,Subarea 88.3,Amundsen Sea,Bell-Amundsen,,,no,no
311,2015,11,2282.3667,1427.204058,739.4902153,827.1765456,1912.660168,5010.849071,6033.39346,BSON,Brownson,-74.35,-103.64,-74.35,-74.02857143,Subarea 88.3,Amundsen Sea,Bell-Amundsen,,,no,no
361,2016,11,2975.283583,1828.041402,0,647.8393489,2646.709497,6269.844376,7514.904857,BSON,Brownson,-74.35,-103.64,-74.35,-74.02857143,Subarea 88.3,Amundsen Sea,Bell-Amundsen,,,no,no
411,2017,11,4047.195988,2132.374826,0,1266.445793,3736.784135,7741.044106,9035.760711,BSON,Brownson,-74.35,-103.64,-74.35,-74.02857143,Subarea 88.3,Amundsen Sea,Bell-Amundsen,,,no,no
461,2018,11,5750.43018,1963.560588,3309.895519,3552.713946,5358.938119,9230.987802,10510.77115,BSON,Brownson,-74.35,-103.64,-74.35,-74.02857143,Subarea 88.3,Amundsen Sea,Bell-Amundsen,,,no,no
10,2009,10,1204.607835,804.9098424,0,256.3162755,1034.86611,2666.13655,3242.463512,BRYA,Bryan,-73.246649,-85.353244,-73.246649,-79.25658371,Subarea 88.3,Bellingshausen Sea,Bell-Amundsen,,,no,no
60,2010,10,0,0,0,0,0,0,0,BRYA,Bryan,-73.246649,-85.353244,-73.246649,-79.25658371,Subarea 88.3,Bellingshausen Sea,Bell-Amundsen,,,no,no
110,2011,10,873.824679,341.6637348,423.3275278,465.504742,805.4337614,1509.523754,1721.867005,BRYA,Bryan,-73.246649,-85.353244,-73.246649,-79.25658371,Subarea 88.3,Bellingshausen Sea,Bell-Amundsen,,,no,no
160,2012,10,878.9956799,219.2814133,560.3606329,595.4459476,842.3416039,1284.940266,1408.669289,BRYA,Bryan,-73.246649,-85.353244,-73.246649,-79.25658371,Subarea 88.3,Bellingshausen Sea,Bell-Amundsen,,,no,no
210,2013,10,1114.745917,230.8845028,754.7032428,796.8862583,1082.894827,1536.155784,1648.322098,BRYA,Bryan,-73.246649,-85.353244,-73.246649,-79.25658371,Subarea 88.3,Bellingshausen Sea,Bell-Amundsen,,,no,no
260,2014,10,1376.845107,263.6534879,958.6463534,1010.989819,1343.819037,1853.49022,1982.993021,BRYA,Bryan,-73.246649,-85.353244,-73.246649,-79.25658371,Subarea 88.3,Bellingshausen Sea,Bell-Amundsen,,,no,no
310,2015,10,1117.297562,245.6876214,737.5383978,782.0519439,1083.118263,1571.305613,1690.671495,BRYA,Bryan,-73.246649,-85.353244,-73.246649,-79.25658371,Subarea 88.3,Bellingshausen Sea,Bell-Amundsen,,,no,no
360,2016,10,1079.648603,223.293534,730.8366249,772.3666136,1048.376738,1488.437549,1601.044008,BRYA,Bryan,-73.246649,-85.353244,-73.246649,-79.25658371,Subarea 88.3,Bellingshausen Sea,Bell-Amundsen,,,no,no
410,2017,10,879.4549175,298.8491336,458.5522676,501.7681811,825.7599393,1434.132059,1605.357085,BRYA,Bryan,-73.246649,-85.353244,-73.246649,-79.25658371,Subarea 88.3,Bellingshausen Sea,Bell-Amundsen,,,no,no
460,2018,10,877.9855922,327.5241771,466.4540315,503.8406533,808.5805436,1491.527185,1701.702937,BRYA,Bryan,-73.246649,-85.353244,-73.246649,-79.25658371,Subarea 88.3,Bellingshausen Sea,Bell-Amundsen,,,no,no
12,2009,12,16963.85222,6635.665043,8541.407414,9286.652866,15508.64453,29573.91128,33635.28216,CBEK,Colbeck,-77.135,-157.715,-77.135,-131.4166667,Subarea 88.2,Amundsen Sea,Ross,Ross,,yes,yes
62,2010,12,20581.74998,6253.187142,11946.76133,12850.34977,19426.77329,31982.884,35787.60245,CBEK,Colbeck,-77.135,-157.715,-77.135,-131.4166667,Subarea 88.2,Amundsen Sea,Ross,Ross,,yes,yes
112,2011,12,23999.4106,7126.525967,13273.47614,14478.82592,22942.92138,37122.94227,40798.39591,CBEK,Colbeck,-77.135,-157.715,-77.135,-131.4166667,Subarea 88.2,Amundsen Sea,Ross,Ross,,yes,yes
162,2012,12,24559.29661,6988.898231,13810.82833,15063.95946,23572.01764,37472.95966,41026.45055,CBEK,Colbeck,-77.135,-157.715,-77.135,-131.4166667,Subarea 88.2,Amundsen Sea,Ross,Ross,,yes,yes
212,2013,12,24625.7111,6012.144899,15561.06328,16605.72682,23719.32141,35732.47868,38911.56655,CBEK,Colbeck,-77.135,-157.715,-77.135,-131.4166667,Subarea 88.2,Amundsen Sea,Ross,Ross,,yes,yes
262,2014,12,25169.88689,5797.064022,16411.67284,17381.92402,24298.75071,35872.88678,38924.5741,CBEK,Colbeck,-77.135,-157.715,-77.135,-131.4166667,Subarea 88.2,Amundsen Sea,Ross,Ross,,yes,yes
312,2015,12,19936.18194,7700.839514,8941.877501,10154.47242,18567.78593,34283.45362,38675.56124,CBEK,Colbeck,-77.135,-157.715,-77.135,-131.4166667,Subarea 88.2,Amundsen Sea,Ross,Ross,,yes,yes
362,2016,12,18149.56834,9344.779997,0,5843.691301,16859.01092,34888.06876,40423.19805,CBEK,Colbeck,-77.135,-157.715,-77.135,-131.4166667,Subarea 88.2,Amundsen Sea,Ross,Ross,,yes,yes
412,2017,12,17791.3276,8306.586051,8387.071309,9174.093191,15784.89822,33386.84866,39430.79034,CBEK,Colbeck,-77.135,-157.715,-77.135,-131.4166667,Subarea 88.2,Amundsen Sea,Ross,Ross,,yes,yes
462,2018,12,17437.94239,11816.78875,0,3235.211084,14957.09018,38924.30891,46955.4549,CBEK,Colbeck,-77.135,-157.715,-77.135,-131.4166667,Subarea 88.2,Amundsen Sea,Ross,Ross,,yes,yes
14,2009,14,773.6582182,364.1085722,329.3276455,364.6085393,689.1870557,1470.035362,1700.124081,CROZ,Crozier,-77.46,169.32,-77.46,112.88,Subarea 88.1,Victoria Oates Land,Ross,Ross,,yes,yes
64,2010,14,895.8531825,234.5753345,552.4643088,590.5778978,857.1472195,1336.146339,1466.112404,CROZ,Crozier,-77.46,169.32,-77.46,112.88,Subarea 88.1,Victoria Oates Land,Ross,Ross,,yes,yes
114,2011,14,903.8131276,237.4747971,543.7429763,585.9752105,868.1108494,1344.062052,1478.051684,CROZ,Crozier,-77.46,169.32,-77.46,112.88,Subarea 88.1,Victoria Oates Land,Ross,Ross,,yes,yes
164,2012,14,985.5102461,242.2701173,611.6410666,654.0116011,950.3693381,1431.336559,1561.321655,CROZ,Crozier,-77.46,169.32,-77.46,112.88,Subarea 88.1,Victoria Oates Land,Ross,Ross,,yes,yes
214,2013,14,913.264185,265.2035323,518.8953785,561.5430861,872.9898374,1404.789958,1545.917861,CROZ,Crozier,-77.46,169.32,-77.46,112.88,Subarea 88.1,Victoria Oates Land,Ross,Ross,,yes,yes
264,2014,14,924.832014,254.8342407,567.0824281,603.8823535,881.3766031,1398.379296,1543.880389,CROZ,Crozier,-77.46,169.32,-77.46,112.88,Subarea 88.1,Victoria Oates Land,Ross,Ross,,yes,yes
314,2015,14,957.805964,413.1408648,0,349.9444907,928.2765985,1659.84916,1869.012368,CROZ,Crozier,-77.46,169.32,-77.46,112.88,Subarea 88.1,Victoria Oates Land,Ross,Ross,,yes,yes
364,2016,14,1054.809558,353.1867904,559.4362373,610.0449851,993.6728716,1706.630857,1908.169717,CROZ,Crozier,-77.46,169.32,-77.46,112.88,Subarea 88.1,Victoria Oates Land,Ross,Ross,,yes,yes
414,2017,14,1306.988311,312.1966004,841.3391065,891.4872415,1258.084748,1889.952089,2063.172619,CROZ,Crozier,-77.46,169.32,-77.46,112.88,Subarea 88.1,Victoria Oates Land,Ross,Ross,,yes,yes
464,2018,14,1606.6568,336.337848,1051.869321,1119.572655,1568.954786,2213.014891,2358.604128,CROZ,Crozier,-77.46,169.32,-77.46,112.88,Subarea 88.1,Victoria Oates Land,Ross,Ross,,yes,yes
15,2009,15,3387.217854,928.5487799,2080.136705,2221.056403,3221.685158,5100.161166,5653.460386,DARN,Darnley,-67.88,69.7,-67.88,49.78571429,Division 58.4.2,West Indian Ocean,Indian,,P-EARSMPA,no,yes
65,2010,15,2904.409701,897.6580439,1642.055261,1770.642905,2744.057077,4584.776007,5098.936038,DARN,Darnley,-67.88,69.7,-67.88,49.78571429,Division 58.4.2,West Indian Ocean,Indian,,P-EARSMPA,no,yes
115,2011,15,2659.567481,945.77257,1359.546129,1489.942809,2486.500865,4420.765318,4956.746985,DARN,Darnley,-67.88,69.7,-67.88,49.78571429,Division 58.4.2,West Indian Ocean,Indian,,P-EARSMPA,no,yes
165,2012,15,2944.916371,1021.278823,1578.102546,1712.762425,2739.958702,4832.318596,5503.289363,DARN,Darnley,-67.88,69.7,-67.88,49.78571429,Division 58.4.2,West Indian Ocean,Indian,,P-EARSMPA,no,yes
215,2013,15,3249.01973,1553.863047,0,0,3078.495177,5940.440302,6836.633343,DARN,Darnley,-67.88,69.7,-67.88,49.78571429,Division 58.4.2,West Indian Ocean,Indian,,P-EARSMPA,no,yes
265,2014,15,3677.921301,1708.747186,0,976.2910269,3501.714076,6679.396426,7572.986616,DARN,Darnley,-67.88,69.7,-67.88,49.78571429,Division 58.4.2,West Indian Ocean,Indian,,P-EARSMPA,no,yes
315,2015,15,4279.12656,1282.872044,2487.05305,2670.84714,4054.168837,6659.657558,7381.358616,DARN,Darnley,-67.88,69.7,-67.88,49.78571429,Division 58.4.2,West Indian Ocean,Indian,,P-EARSMPA,no,yes
365,2016,15,4469.542806,1286.236538,2653.706706,2854.26997,4226.511194,6875.713461,7623.272169,DARN,Darnley,-67.88,69.7,-67.88,49.78571429,Division 58.4.2,West Indian Ocean,Indian,,P-EARSMPA,no,yes
415,2017,15,3641.838363,1826.218948,0,1188.556812,3399.007775,6879.628757,7940.467041,DARN,Darnley,-67.88,69.7,-67.88,49.78571429,Division 58.4.2,West Indian Ocean,Indian,,P-EARSMPA,no,yes
465,2018,15,3244.366032,1792.651109,1282.749818,1429.37293,2786.863088,6611.349148,7926.205547,DARN,Darnley,-67.88,69.7,-67.88,49.78571429,Division 58.4.2,West Indian Ocean,Indian,,P-EARSMPA,no,yes
38,2009,38,10674.70914,3198.719706,6140.489559,6603.87027,10121.92597,16614.37132,18543.34648,ROGE,Roget,-71.99,170.59,-71.99,136.472,Subarea 88.1,Victoria Oates Land,Ross,Ross,,yes,yes
88,2010,38,10595.31985,2059.21103,7302.296399,7703.970319,10349.57024,14346.1258,15271.87139,ROGE,Roget,-71.99,170.59,-71.99,136.472,Subarea 88.1,Victoria Oates Land,Ross,Ross,,yes,yes
138,2011,38,9044.289541,2169.438984,5689.178759,6061.821944,8748.717731,13032.50345,14102.75622,ROGE,Roget,-71.99,170.59,-71.99,136.472,Subarea 88.1,Victoria Oates Land,Ross,Ross,,yes,yes
188,2012,38,8561.448556,2064.945582,5410.726083,5789.907451,8262.094813,12340.3852,13405.84459,ROGE,Roget,-71.99,170.59,-71.99,136.472,Subarea 88.1,Victoria Oates Land,Ross,Ross,,yes,yes
238,2013,38,8720.487459,2337.84442,5225.119311,5622.236506,8357.406254,13019.30497,14318.72805,ROGE,Roget,-71.99,170.59,-71.99,136.472,Subarea 88.1,Victoria Oates Land,Ross,Ross,,yes,yes
288,2014,38,8551.035076,2349.197929,5096.588224,5469.898997,8190.574298,12876.82991,14229.13673,ROGE,Roget,-71.99,170.59,-71.99,136.472,Subarea 88.1,Victoria Oates Land,Ross,Ross,,yes,yes
338,2015,38,8256.376082,2197.174761,5040.151173,5391.570337,7911.442021,12283.43212,13534.84178,ROGE,Roget,-71.99,170.59,-71.99,136.472,Subarea 88.1,Victoria Oates Land,Ross,Ross,,yes,yes
388,2016,38,6493.875935,2255.488014,3283.910988,3611.06914,6101.378905,10703.12597,11970.54878,ROGE,Roget,-71.99,170.59,-71.99,136.472,Subarea 88.1,Victoria Oates Land,Ross,Ross,,yes,yes
438,2017,38,6279.375485,1902.267074,3564.184829,3861.795708,5940.664764,9869.365438,10949.31494,ROGE,Roget,-71.99,170.59,-71.99,136.472,Subarea 88.1,Victoria Oates Land,Ross,Ross,,yes,yes
488,2018,38,6244.522201,1771.832507,3698.008436,3975.821577,5938.023149,9528.677801,10529.97975,ROGE,Roget,-71.99,170.59,-71.99,136.472,Subarea 88.1,Victoria Oates Land,Ross,Ross,,yes,yes
50,2009,50,12186.57476,3382.483557,7461.747561,7960.153767,11590.72175,18446.19245,20383.43976,WASH,Washington,-74.64,165.37,-74.64,0,Subarea 88.1,Victoria Oates Land,Ross,Ross,,yes,yes
100,2010,50,12540.64497,3462.858504,7107.559418,7744.559864,12077.56207,18830.71152,20489.18628,WASH,Washington,-74.64,165.37,-74.64,0,Subarea 88.1,Victoria Oates Land,Ross,Ross,,yes,yes
150,2011,50,16704.3983,3320.993597,11434.28092,12076.83944,16315.30477,22757.97478,24318.08016,WASH,Washington,-74.64,165.37,-74.64,0,Subarea 88.1,Victoria Oates Land,Ross,Ross,,yes,yes
200,2012,50,17175.57898,4985.231377,9523.346149,10413.42891,16468.19431,26361.24873,28849.95198,WASH,Washington,-74.64,165.37,-74.64,0,Subarea 88.1,Victoria Oates Land,Ross,Ross,,yes,yes
250,2013,50,15478.42819,6684.409297,0,4514.541533,14957.59097,26826.62077,29953.1335,WASH,Washington,-74.64,165.37,-74.64,0,Subarea 88.1,Victoria Oates Land,Ross,Ross,,yes,yes
300,2014,50,14881.35121,4528.617869,8432.733197,9105.824537,14087.80862,23303.36981,25772.36917,WASH,Washington,-74.64,165.37,-74.64,0,Subarea 88.1,Victoria Oates Land,Ross,Ross,,yes,yes
350,2015,50,14094.13145,3953.358868,8569.321785,9143.455768,13379.16566,21463.14495,23931.26859,WASH,Washington,-74.64,165.37,-74.64,0,Subarea 88.1,Victoria Oates Land,Ross,Ross,,yes,yes
400,2016,50,13665.03021,6139.834974,0,4509.57021,13129.92718,24039.07707,27288.65406,WASH,Washington,-74.64,165.37,-74.64,0,Subarea 88.1,Victoria Oates Land,Ross,Ross,,yes,yes
450,2017,50,13523.48065,6022.547111,0,4606.902003,13013.0766,23912.47813,26817.34978,WASH,Washington,-74.64,165.37,-74.64,0,Subarea 88.1,Victoria Oates Land,Ross,Ross,,yes,yes
500,2018,50,13625.12924,3695.954899,8349.42758,8912.87268,12981.84483,20487.47599,22597.05265,WASH,Washington,-74.64,165.37,-74.64,0,Subarea 88.1,Victoria Oates Land,Ross,Ross,,yes,yes
13,2009,13,27621.23437,8207.424352,16200.29624,17390.76666,26113.94087,42889.43326,47596.05269,COUL,Coulman,-73.35,169.61,-73.35,152.649,Subarea 88.1,Victoria Oates Land,Ross,Ross,,yes,yes
63,2010,13,29555.98419,5437.343412,20694.2564,21801.89557,28939.75649,39291.45252,41863.83202,COUL,Coulman,-73.35,169.61,-73.35,152.649,Subarea 88.1,Victoria Oates Land,Ross,Ross,,yes,yes
113,2011,13,23381.86558,2888.069327,18339.64057,19075.81894,23163.44533,28523.26819,29680.44395,COUL,Coulman,-73.35,169.61,-73.35,152.649,Subarea 88.1,Victoria Oates Land,Ross,Ross,,yes,yes
163,2012,13,28444.24023,7359.339007,16796.2877,18153.6848,27537.20534,41772.82219,45310.64437,COUL,Coulman,-73.35,169.61,-73.35,152.649,Subarea 88.1,Victoria Oates Land,Ross,Ross,,yes,yes
213,2013,13,33009.00772,8146.852619,20841.44321,22234.96403,31759.82414,47915.27687,52335.78064,COUL,Coulman,-73.35,169.61,-73.35,152.649,Subarea 88.1,Victoria Oates Land,Ross,Ross,,yes,yes
263,2014,13,41120.58894,8581.312555,27594.04841,29365.44963,40004.01706,56743.62025,60905.99593,COUL,Coulman,-73.35,169.61,-73.35,152.649,Subarea 88.1,Victoria Oates Land,Ross,Ross,,yes,yes
313,2015,13,29396.33632,9401.009952,15274.79115,16884.62208,27988.56874,46885.62644,51930.93237,COUL,Coulman,-73.35,169.61,-73.35,152.649,Subarea 88.1,Victoria Oates Land,Ross,Ross,,yes,yes
363,2016,13,25164.22777,6506.214544,15662.40618,16711.84129,24144.37843,37171.9367,40716.80452,COUL,Coulman,-73.35,169.61,-73.35,152.649,Subarea 88.1,Victoria Oates Land,Ross,Ross,,yes,yes
413,2017,13,21171.5351,6499.140361,11917.48137,12874.96597,20036.64865,33471.33786,37238.08591,COUL,Coulman,-73.35,169.61,-73.35,152.649,Subarea 88.1,Victoria Oates Land,Ross,Ross,,yes,yes
463,2018,13,24485.86336,6323.41048,15175.00439,16189.46766,23474.99003,36206.78511,39761.25526,COUL,Coulman,-73.35,169.61,-73.35,152.649,Subarea 88.1,Victoria Oates Land,Ross,Ross,,yes,yes
17,2009,17,1996.691101,630.0547852,1176.112376,1254.125538,1870.976248,3166.862267,3582.296363,DBAY,Davis,-69.35,158.49,-69.35,0,Subarea 88.1,Victoria Oates Land,Pacific,Ross,,yes,yes
67,2010,17,1961.484578,601.4517513,1142.53009,1228.570505,1845.925776,3071.273037,3468.108743,DBAY,Davis,-69.35,158.49,-69.35,0,Subarea 88.1,Victoria Oates Land,Pacific,Ross,,yes,yes
117,2011,17,1884.87322,674.0359187,948.2143708,1043.33607,1760.607287,3137.417376,3544.693505,DBAY,Davis,-69.35,158.49,-69.35,0,Subarea 88.1,Victoria Oates Land,Pacific,Ross,,yes,yes
167,2012,17,2225.430711,707.8422772,1262.911834,1356.378783,2085.504091,3572.748219,3981.327719,DBAY,Davis,-69.35,158.49,-69.35,0,Subarea 88.1,Victoria Oates Land,Pacific,Ross,,yes,yes
217,2013,17,2365.570781,1092.104563,0,823.2819475,2252.072217,4261.508199,4824.994923,DBAY,Davis,-69.35,158.49,-69.35,0,Subarea 88.1,Victoria Oates Land,Pacific,Ross,,yes,yes
267,2014,17,2566.499188,1166.542972,0,804.4695811,2454.890649,4559.387467,5135.025793,DBAY,Davis,-69.35,158.49,-69.35,0,Subarea 88.1,Victoria Oates Land,Pacific,Ross,,yes,yes
317,2015,17,2839.823566,760.2221261,1751.27604,1871.724538,2705.825724,4249.402353,4705.903523,DBAY,Davis,-69.35,158.49,-69.35,0,Subarea 88.1,Victoria Oates Land,Pacific,Ross,,yes,yes
367,2016,17,2288.438097,615.0016554,1400.908321,1496.556181,2185.406587,3433.640239,3770.210857,DBAY,Davis,-69.35,158.49,-69.35,0,Subarea 88.1,Victoria Oates Land,Pacific,Ross,,yes,yes
417,2017,17,2153.080478,608.0602288,1294.668953,1386.112161,2047.656779,3287.513496,3627.755874,DBAY,Davis,-69.35,158.49,-69.35,0,Subarea 88.1,Victoria Oates Land,Pacific,Ross,,yes,yes
467,2018,17,1913.768997,628.5399072,1099.344697,1179.763185,1784.168878,3059.089429,3497.144679,DBAY,Davis,-69.35,158.49,-69.35,0,Subarea 88.1,Victoria Oates Land,Pacific,Ross,,yes,yes
16,2009,16,2486.773477,634.5542023,1575.284668,1676.773031,2382.798253,3660.952082,4022.656147,DAWS,Dawson,-76.02,-26.67,-76.02,-24.24545455,Subarea 48.5,Weddell Sea,Weddell,,P-WEDDELL,no,yes
66,2010,16,3049.767817,683.463359,2016.868893,2135.893048,2949.309383,4305.363204,4680.378968,DAWS,Dawson,-76.02,-26.67,-76.02,-24.24545455,Subarea 48.5,Weddell Sea,Weddell,,P-WEDDELL,no,yes
116,2011,16,2990.943724,791.4734388,1826.439061,1953.074766,2862.879609,4463.896547,4918.341544,DAWS,Dawson,-76.02,-26.67,-76.02,-24.24545455,Subarea 48.5,Weddell Sea,Weddell,,P-WEDDELL,no,yes
166,2012,16,2658.265643,814.0087558,1501.743753,1627.036309,2507.683444,4175.713384,4683.717508,DAWS,Dawson,-76.02,-26.67,-76.02,-24.24545455,Subarea 48.5,Weddell Sea,Weddell,,P-WEDDELL,no,yes
216,2013,16,2583.357546,876.435667,1391.57305,1506.044372,2410.252155,4214.259265,4738.347787,DAWS,Dawson,-76.02,-26.67,-76.02,-24.24545455,Subarea 48.5,Weddell Sea,Weddell,,P-WEDDELL,no,yes
266,2014,16,2735.574726,1054.890327,1307.009582,1447.106732,2534.293942,4681.461532,5298.824062,DAWS,Dawson,-76.02,-26.67,-76.02,-24.24545455,Subarea 48.5,Weddell Sea,Weddell,,P-WEDDELL,no,yes
316,2015,16,3472.276671,1316.940244,1631.310133,1812.727827,3236.511794,5955.396073,6740.512193,DAWS,Dawson,-76.02,-26.67,-76.02,-24.24545455,Subarea 48.5,Weddell Sea,Weddell,,P-WEDDELL,no,yes
366,2016,16,5414.876975,1460.866688,3311.085263,3540.871185,5175.020256,8130.115605,8946.042755,DAWS,Dawson,-76.02,-26.67,-76.02,-24.24545455,Subarea 48.5,Weddell Sea,Weddell,,P-WEDDELL,no,yes
416,2017,16,9149.360764,2035.733263,5978.271329,6374.616201,8865.719479,12854.29933,13914.45832,DAWS,Dawson,-76.02,-26.67,-76.02,-24.24545455,Subarea 48.5,Weddell Sea,Weddell,,P-WEDDELL,no,yes
466,2018,16,12122.20681,3331.776432,7366.89677,7868.644158,11556.53965,18288.33452,20252.71342,DAWS,Dawson,-76.02,-26.67,-76.02,-24.24545455,Subarea 48.5,Weddell Sea,Weddell,,P-WEDDELL,no,yes
18,2009,18,12449.01755,3709.72499,7286.802913,7822.946837,11744.67187,19381.55359,21473.69556,DIBB,Dibble,-66.01,134.79,-66.01,117.94125,Division 58.4.1,Australia,Pacific,,,no,no
68,2010,18,11243.46123,3080.737995,6790.982311,7258.66162,10736.45675,16966.39455,18744.12661,DIBB,Dibble,-66.01,134.79,-66.01,117.94125,Division 58.4.1,Australia,Pacific,,,no,no
118,2011,18,9559.564787,2481.897701,5951.14302,6343.960782,9146.633403,14170.56775,15568.2643,DIBB,Dibble,-66.01,134.79,-66.01,117.94125,Division 58.4.1,Australia,Pacific,,,no,no
168,2012,18,8685.595302,2713.120865,4760.503252,5194.988512,8240.24482,13683.49833,15299.50073,DIBB,Dibble,-66.01,134.79,-66.01,117.94125,Division 58.4.1,Australia,Pacific,,,no,no
218,2013,18,8956.943083,2967.324011,4583.321151,5055.36424,8502.244331,14422.2668,16091.37442,DIBB,Dibble,-66.01,134.79,-66.01,117.94125,Division 58.4.1,Australia,Pacific,,,no,no
268,2014,18,11424.15199,2543.604429,7546.476406,7986.768181,11068.89725,15995.28981,17403.39283,DIBB,Dibble,-66.01,134.79,-66.01,117.94125,Division 58.4.1,Australia,Pacific,,,no,no
318,2015,18,10240.64094,2639.204282,6378.493241,6801.114063,9804.059166,15120.83645,16624.35021,DIBB,Dibble,-66.01,134.79,-66.01,117.94125,Division 58.4.1,Australia,Pacific,,,no,no
368,2016,18,9164.196454,3940.222398,0,3189.182958,8839.015575,15892.00107,17842.47851,DIBB,Dibble,-66.01,134.79,-66.01,117.94125,Division 58.4.1,Australia,Pacific,,,no,no
418,2017,18,8723.555752,2958.176972,4957.136811,5322.215696,8111.95659,14194.44065,16177.82474,DIBB,Dibble,-66.01,134.79,-66.01,117.94125,Division 58.4.1,Australia,Pacific,,,no,no
468,2018,18,8496.576259,4887.664062,0,2115.062511,7695.633127,17287.93821,20199.94459,DIBB,Dibble,-66.01,134.79,-66.01,117.94125,Division 58.4.1,Australia,Pacific,,,no,no
19,2009,19,4042.089726,2101.463522,1565.324691,1748.318898,3539.772178,8057.4602,9387.925064,DOLL,Dolleman,-70.61,-60.43,-70.65,-47.00111111,Subarea 48.5,Bellingshausen Sea,Weddell,,P-WEDDELL,no,yes
69,2010,19,4436.591377,2145.695874,0,1450.465434,4164.622922,8197.412021,9339.131427,DOLL,Dolleman,-70.61,-60.43,-70.65,-47.00111111,Subarea 48.5,Bellingshausen Sea,Weddell,,P-WEDDELL,no,yes
119,2011,19,5323.441349,1359.823113,3347.469952,3558.334919,5098.131676,7846.77913,8561.448172,DOLL,Dolleman,-70.61,-60.43,-70.65,-47.00111111,Subarea 48.5,Bellingshausen Sea,Weddell,,P-WEDDELL,no,yes
169,2012,19,4363.559593,1131.238419,2705.013621,2885.072076,4184.047951,6434.53691,7082.394612,DOLL,Dolleman,-70.61,-60.43,-70.65,-47.00111111,Subarea 48.5,Bellingshausen Sea,Weddell,,P-WEDDELL,no,yes
219,2013,19,4005.790417,1044.485696,2478.112179,2647.448372,3834.089584,5958.948449,6529.392573,DOLL,Dolleman,-70.61,-60.43,-70.65,-47.00111111,Subarea 48.5,Bellingshausen Sea,Weddell,,P-WEDDELL,no,yes
269,2014,19,4079.488893,1048.705285,2535.795132,2700.416646,3917.212084,6013.935969,6564.122928,DOLL,Dolleman,-70.61,-60.43,-70.65,-47.00111111,Subarea 48.5,Bellingshausen Sea,Weddell,,P-WEDDELL,no,yes
319,2015,19,4494.261109,1115.096757,2842.416094,3026.200055,4318.583757,6523.586747,7156.156935,DOLL,Dolleman,-70.61,-60.43,-70.65,-47.00111111,Subarea 48.5,Bellingshausen Sea,Weddell,,P-WEDDELL,no,yes
369,2016,19,4009.913071,1027.487123,2502.388396,2662.823414,3851.767455,5919.523426,6506.604123,DOLL,Dolleman,-70.61,-60.43,-70.65,-47.00111111,Subarea 48.5,Bellingshausen Sea,Weddell,,P-WEDDELL,no,yes
419,2017,19,3987.383178,1019.749296,2497.088869,2654.551431,3822.47468,5872.484159,6425.236275,DOLL,Dolleman,-70.61,-60.43,-70.65,-47.00111111,Subarea 48.5,Bellingshausen Sea,Weddell,,P-WEDDELL,no,yes
469,2018,19,4153.966478,1346.071918,2332.03954,2514.116711,3893.760632,6696.676914,7447.288887,DOLL,Dolleman,-70.61,-60.43,-70.65,-47.00111111,Subarea 48.5,Bellingshausen Sea,Weddell,,P-WEDDELL,no,yes
20,2009,20,4984.899111,2225.76743,2220.856035,2460.988421,4507.565375,9101.594733,10527.16297,DRES,Drescher,-72.83,-19.34,-72.83,-15.472,Subarea 48.6,Weddell Sea,Weddell,,P-WEDDELL,no,yes
70,2010,20,5865.085416,1784.329,3452.593122,3689.562567,5520.191561,9181.798873,10215.27453,DRES,Drescher,-72.83,-19.34,-72.83,-15.472,Subarea 48.6,Weddell Sea,Weddell,,P-WEDDELL,no,yes
120,2011,20,8238.242673,1840.650706,5404.40919,5734.099882,7984.72891,11622.45093,12612.07221,DRES,Drescher,-72.83,-19.34,-72.83,-15.472,Subarea 48.6,Weddell Sea,Weddell,,P-WEDDELL,no,yes
170,2012,20,9291.966788,2138.561991,6010.443749,6404.702972,8995.529157,13218.62066,14269.14232,DRES,Drescher,-72.83,-19.34,-72.83,-15.472,Subarea 48.6,Weddell Sea,Weddell,,P-WEDDELL,no,yes
220,2013,20,7421.158416,1945.155452,4566.307229,4870.967409,7118.321576,10964.37798,12010.07728,DRES,Drescher,-72.83,-19.34,-72.83,-15.472,Subarea 48.6,Weddell Sea,Weddell,,P-WEDDELL,no,yes
270,2014,20,6925.316023,1943.637769,4095.074642,4390.592605,6606.624206,10598.40828,11529.0883,DRES,Drescher,-72.83,-19.34,-72.83,-15.472,Subarea 48.6,Weddell Sea,Weddell,,P-WEDDELL,no,yes
320,2015,20,8197.062029,2156.328179,5047.87543,5396.560004,7856.358772,12178.52696,13384.68372,DRES,Drescher,-72.83,-19.34,-72.83,-15.472,Subarea 48.6,Weddell Sea,Weddell,,P-WEDDELL,no,yes
370,2016,20,8196.799362,2428.367307,4645.209125,5015.201163,7813.207699,12752.8978,14139.92119,DRES,Drescher,-72.83,-19.34,-72.83,-15.472,Subarea 48.6,Weddell Sea,Weddell,,P-WEDDELL,no,yes
420,2017,20,9064.765813,2353.141967,5639.517742,6004.986376,8684.743986,13369.5042,14686.70957,DRES,Drescher,-72.83,-19.34,-72.83,-15.472,Subarea 48.6,Weddell Sea,Weddell,,P-WEDDELL,no,yes
470,2018,20,10652.43573,2804.271631,6664.28861,7098.92853,10162.97299,15818.60599,17513.82162,DRES,Drescher,-72.83,-19.34,-72.83,-15.472,Subarea 48.6,Weddell Sea,Weddell,,P-WEDDELL,no,yes
21,2009,21,281.0429514,88.77955894,160.9247652,173.1790385,263.8658578,447.7315702,500.5036739,FOLD,Fold,-67.32,59.32,-67.32,44.49,Division 58.4.2,West Indian Ocean,Indian,,,no,no
71,2010,21,212.8244229,86.24570545,99.45311018,109.6321766,195.1815551,377.4058349,431.3988647,FOLD,Fold,-67.32,59.32,-67.32,44.49,Division 58.4.2,West Indian Ocean,Indian,,,no,no
121,2011,21,187.776048,97.20767411,0,53.28109134,174.3821248,364.5054256,418.6236628,FOLD,Fold,-67.32,59.32,-67.32,44.49,Division 58.4.2,West Indian Ocean,Indian,,,no,no
171,2012,21,179.211102,81.26606109,72.42986754,81.375831,162.2994104,332.4005536,382.9152136,FOLD,Fold,-67.32,59.32,-67.32,44.49,Division 58.4.2,West Indian Ocean,Indian,,,no,no
221,2013,21,199.2279552,76.39454096,102.9177953,111.7119451,182.7782664,343.6938178,395.2360652,FOLD,Fold,-67.32,59.32,-67.32,44.49,Division 58.4.2,West Indian Ocean,Indian,,,no,no
271,2014,21,226.5400866,108.9083458,0,60.28567525,214.0873227,417.9710273,481.3002772,FOLD,Fold,-67.32,59.32,-67.32,44.49,Division 58.4.2,West Indian Ocean,Indian,,,no,no
321,2015,21,277.0658393,104.6093986,131.3268388,145.8182029,258.9122294,467.1450164,530.3684769,FOLD,Fold,-67.32,59.32,-67.32,44.49,Division 58.4.2,West Indian Ocean,Indian,,,no,no
371,2016,21,401.0921162,90.87632214,263.2500323,278.5061331,387.8407113,567.873579,614.2816498,FOLD,Fold,-67.32,59.32,-67.32,44.49,Division 58.4.2,West Indian Ocean,Indian,,,no,no
421,2017,21,438.5864452,104.4045493,283.1463611,300.035458,422.4684224,630.4386246,685.2651294,FOLD,Fold,-67.32,59.32,-67.32,44.49,Division 58.4.2,West Indian Ocean,Indian,,,no,no
471,2018,21,445.2663966,150.6052309,223.6081373,246.878139,421.240195,725.1649606,806.139975,FOLD,Fold,-67.32,59.32,-67.32,44.49,Division 58.4.2,West Indian Ocean,Indian,,,no,no
22,2009,22,8644.09252,2409.3163,5163.507573,5564.384572,8235.723679,13110.59575,14458.39655,FRAN,Franklin,-76.18,168.43,-76.18,147.37625,Subarea 88.1,Victoria Oates Land,Ross,Ross,,yes,yes
72,2010,22,9718.937086,1798.797102,6806.184486,7161.224287,9512.39262,12949.98458,13818.71228,FRAN,Franklin,-76.18,168.43,-76.18,147.37625,Subarea 88.1,Victoria Oates Land,Ross,Ross,,yes,yes
122,2011,22,7786.898253,1710.497457,5084.734395,5406.591855,7567.067083,10889.71964,11791.42079,FRAN,Franklin,-76.18,168.43,-76.18,147.37625,Subarea 88.1,Victoria Oates Land,Ross,Ross,,yes,yes
172,2012,22,7820.420141,2130.837996,4495.218064,4906.451917,7538.77016,11714.5404,12803.20048,FRAN,Franklin,-76.18,168.43,-76.18,147.37625,Subarea 88.1,Victoria Oates Land,Ross,Ross,,yes,yes
222,2013,22,7449.713324,1811.77528,4753.78145,5045.23811,7173.637132,10778.36809,11744.55706,FRAN,Franklin,-76.18,168.43,-76.18,147.37625,Subarea 88.1,Victoria Oates Land,Ross,Ross,,yes,yes
272,2014,22,5168.911169,1482.246772,3061.772412,3288.278782,4908.502343,7923.83112,8747.304875,FRAN,Franklin,-76.18,168.43,-76.18,147.37625,Subarea 88.1,Victoria Oates Land,Ross,Ross,,yes,yes
322,2015,22,4407.699732,1535.48961,2223.065257,2453.337182,4140.87731,7237.997498,8060.573867,FRAN,Franklin,-76.18,168.43,-76.18,147.37625,Subarea 88.1,Victoria Oates Land,Ross,Ross,,yes,yes
372,2016,22,4613.678802,1392.400562,2702.458461,2902.692888,4352.897674,7145.636231,7977.908172,FRAN,Franklin,-76.18,168.43,-76.18,147.37625,Subarea 88.1,Victoria Oates Land,Ross,Ross,,yes,yes
422,2017,22,4175.485031,1674.214655,2104.957703,2295.369263,3815.284831,7252.576083,8382.219486,FRAN,Franklin,-76.18,168.43,-76.18,147.37625,Subarea 88.1,Victoria Oates Land,Ross,Ross,,yes,yes
472,2018,22,4056.483976,2559.763897,0,683.856593,3595.241654,8624.969837,10326.79475,FRAN,Franklin,-76.18,168.43,-76.18,147.37625,Subarea 88.1,Victoria Oates Land,Ross,Ross,,yes,yes
23,2009,23,6813.187577,1599.902887,4407.269095,4696.594293,6568.693274,9764.866013,10614.82061,GOUL,Gould,-77.71,-47.68,-77.71,-38.144,Subarea 48.5,Weddell Sea,Weddell,,P-WEDDELL,no,yes
73,2010,23,4535.441207,1248.409553,2721.454089,2930.779719,4323.448603,6886.842193,7576.90549,GOUL,Gould,-77.71,-47.68,-77.71,-38.144,Subarea 48.5,Weddell Sea,Weddell,,P-WEDDELL,no,yes
123,2011,23,3751.507725,977.9192978,2329.956352,2489.709253,3583.277942,5550.867525,6119.796099,GOUL,Gould,-77.71,-47.68,-77.71,-38.144,Subarea 48.5,Weddell Sea,Weddell,,P-WEDDELL,no,yes
173,2012,23,3269.920514,928.45382,1912.157175,2052.563408,3114.895152,5006.617529,5487.175384,GOUL,Gould,-77.71,-47.68,-77.71,-38.144,Subarea 48.5,Weddell Sea,Weddell,,P-WEDDELL,no,yes
223,2013,23,3703.911094,832.000642,2438.484351,2583.354074,3576.975506,5261.729272,5664.45467,GOUL,Gould,-77.71,-47.68,-77.71,-38.144,Subarea 48.5,Weddell Sea,Weddell,,P-WEDDELL,no,yes
273,2014,23,3180.946982,994.7921879,1755.459227,1906.86241,3008.054514,5044.948326,5626.389784,GOUL,Gould,-77.71,-47.68,-77.71,-38.144,Subarea 48.5,Weddell Sea,Weddell,,P-WEDDELL,no,yes
323,2015,23,3081.867651,1082.458496,1576.273886,1727.820437,2884.581097,5138.43586,5758.638841,GOUL,Gould,-77.71,-47.68,-77.71,-38.144,Subarea 48.5,Weddell Sea,Weddell,,P-WEDDELL,no,yes
373,2016,23,4277.733615,1193.1078,2555.050997,2739.615032,4073.129413,6469.438255,7129.555824,GOUL,Gould,-77.71,-47.68,-77.71,-38.144,Subarea 48.5,Weddell Sea,Weddell,,P-WEDDELL,no,yes
423,2017,23,5680.258615,1329.849219,3688.31617,3916.03329,5480.021442,8124.695412,8843.053114,GOUL,Gould,-77.71,-47.68,-77.71,-38.144,Subarea 48.5,Weddell Sea,Weddell,,P-WEDDELL,no,yes
473,2018,23,6268.209501,1902.350052,3612.295135,3884.915137,5914.853213,9808.410786,10989.3481,GOUL,Gould,-77.71,-47.68,-77.71,-38.144,Subarea 48.5,Weddell Sea,Weddell,,P-WEDDELL,no,yes
24,2009,24,5172.481264,1665.218929,2928.10867,3166.02572,4849.10056,8253.91389,9288.320833,GUNN,Gunnerus,-68.75,34.38,-68.75,29.46857143,Division 58.4.2,West Indian Ocean,Indian,,,no,no
74,2010,24,4764.824484,1275.212759,2951.935049,3140.807383,4542.969377,7108.401447,7834.521808,GUNN,Gunnerus,-68.75,34.38,-68.75,29.46857143,Division 58.4.2,West Indian Ocean,Indian,,,no,no
124,2011,24,3127.253624,1278.939904,1354.151868,1539.64001,2892.512315,5523.704275,6293.180988,GUNN,Gunnerus,-68.75,34.38,-68.75,29.46857143,Division 58.4.2,West Indian Ocean,Indian,,,no,no
174,2012,24,2549.033167,1168.069513,968.2114677,1124.921945,2318.739868,4756.93294,5456.262337,GUNN,Gunnerus,-68.75,34.38,-68.75,29.46857143,Division 58.4.2,West Indian Ocean,Indian,,,no,no
224,2013,24,2326.051511,1147.505033,0,0,2194.884107,4331.371944,4950.824486,GUNN,Gunnerus,-68.75,34.38,-68.75,29.46857143,Division 58.4.2,West Indian Ocean,Indian,,,no,no
274,2014,24,2289.678549,747.2916434,1280.424178,1379.752008,2148.257476,3667.807043,4138.523782,GUNN,Gunnerus,-68.75,34.38,-68.75,29.46857143,Division 58.4.2,West Indian Ocean,Indian,,,no,no
324,2015,24,2116.285171,729.8613139,1132.68951,1233.045259,1976.42653,3466.665393,3919.382846,GUNN,Gunnerus,-68.75,34.38,-68.75,29.46857143,Division 58.4.2,West Indian Ocean,Indian,,,no,no
374,2016,24,2056.97324,977.9881836,0,648.9814545,1943.696253,3758.6537,4321.392649,GUNN,Gunnerus,-68.75,34.38,-68.75,29.46857143,Division 58.4.2,West Indian Ocean,Indian,,,no,no
424,2017,24,2146.911059,871.8839325,1104.036501,1194.289846,1949.928865,3750.595944,4362.216613,GUNN,Gunnerus,-68.75,34.38,-68.75,29.46857143,Division 58.4.2,West Indian Ocean,Indian,,,no,no
474,2018,24,2084.401506,1330.351156,0,457.9617789,1830.173164,4432.982963,5335.859426,GUNN,Gunnerus,-68.75,34.38,-68.75,29.46857143,Division 58.4.2,West Indian Ocean,Indian,,,no,no
25,2009,25,21314.90951,5416.096178,13425.12073,14321.54271,20433.82333,31300.80628,34552.36128,HALY,Halley,-75.54,-27.43,-75.54,-24.38222222,Subarea 48.5,Weddell Sea,Weddell,,P-WEDDELL,no,yes
75,2010,25,20398.60219,4741.876257,13346.6945,14140.00565,19666.61727,29175.957,31659.1929,HALY,Halley,-75.54,-27.43,-75.54,-24.38222222,Subarea 48.5,Weddell Sea,Weddell,,P-WEDDELL,no,yes
125,2011,25,15373.21846,5016.831556,8125.576316,8895.313862,14521.16488,24880.58341,27516.12661,HALY,Halley,-75.54,-27.43,-75.54,-24.38222222,Subarea 48.5,Weddell Sea,Weddell,,P-WEDDELL,no,yes
175,2012,25,16432.45816,4465.581018,9839.41558,10555.77849,15714.40781,24716.59576,27070.11254,HALY,Halley,-75.54,-27.43,-75.54,-24.38222222,Subarea 48.5,Weddell Sea,Weddell,,P-WEDDELL,no,yes
225,2013,25,16990.2102,3778.788965,11191.27364,11837.56209,16476.25265,23885.68052,25934.47132,HALY,Halley,-75.54,-27.43,-75.54,-24.38222222,Subarea 48.5,Weddell Sea,Weddell,,P-WEDDELL,no,yes
275,2014,25,14357.34008,3284.870575,9349.167568,9933.947276,13885.70116,20313.28309,22075.80786,HALY,Halley,-75.54,-27.43,-75.54,-24.38222222,Subarea 48.5,Weddell Sea,Weddell,,P-WEDDELL,no,yes
325,2015,25,10490.04618,2622.653382,6702.934923,7147.412627,10054.85619,15340.73267,16798.94989,HALY,Halley,-75.54,-27.43,-75.54,-24.38222222,Subarea 48.5,Weddell Sea,Weddell,,P-WEDDELL,no,yes
375,2016,25,6136.77709,3220.966983,0,1904.916391,5611.670715,12004.85255,14107.63311,HALY,Halley,-75.54,-27.43,-75.54,-24.38222222,Subarea 48.5,Weddell Sea,Weddell,,P-WEDDELL,no,yes
425,2017,25,4027.922436,2798.246301,1494.003471,1644.433855,3199.420669,9231.813877,11735.52561,HALY,Halley,-75.54,-27.43,-75.54,-24.38222222,Subarea 48.5,Weddell Sea,Weddell,,P-WEDDELL,no,yes
475,2018,25,3050.285915,2886.543221,756.2870136,856.8776976,2132.933271,8377.176719,10927.2769,HALY,Halley,-75.54,-27.43,-75.54,-24.38222222,Subarea 48.5,Weddell Sea,Weddell,,P-WEDDELL,no,yes
26,2009,26,4789.333665,1832.969211,2428.348685,2657.610856,4408.45985,8222.956512,9435.348417,HASW,Haswell,-66.52,93.01,-66.52,0,Division 58.4.1,East Indian Ocean,Pacific,,P-EARSMPA,no,yes
76,2010,26,5128.422112,1418.595402,3099.343408,3321.588137,4884.46487,7752.677487,8536.642523,HASW,Haswell,-66.52,93.01,-66.52,0,Division 58.4.1,East Indian Ocean,Pacific,,P-EARSMPA,no,yes
126,2011,26,4676.059226,1458.553834,2592.722948,2811.068197,4428.353426,7350.339989,8203.227873,HASW,Haswell,-66.52,93.01,-66.52,0,Division 58.4.1,East Indian Ocean,Pacific,,P-EARSMPA,no,yes
176,2012,26,4980.198981,1225.013284,3158.839041,3366.271133,4786.54926,7245.817488,7918.236172,HASW,Haswell,-66.52,93.01,-66.52,0,Division 58.4.1,East Indian Ocean,Pacific,,P-EARSMPA,no,yes
226,2013,26,3517.21545,1166.366099,1775.922574,1974.35453,3338.502048,5682.502721,6282.543423,HASW,Haswell,-66.52,93.01,-66.52,0,Division 58.4.1,East Indian Ocean,Pacific,,P-EARSMPA,no,yes
276,2014,26,2995.473208,778.0620525,1854.535787,1978.179091,2870.271308,4445.255697,4874.39409,HASW,Haswell,-66.52,93.01,-66.52,0,Division 58.4.1,East Indian Ocean,Pacific,,P-EARSMPA,no,yes
326,2015,26,2669.088101,646.8609644,1712.403155,1817.44713,2565.132764,3846.633489,4198.528034,HASW,Haswell,-66.52,93.01,-66.52,0,Division 58.4.1,East Indian Ocean,Pacific,,P-EARSMPA,no,yes
376,2016,26,2162.137471,661.0151025,1209.777001,1310.126329,2049.180396,3392.040481,3766.078156,HASW,Haswell,-66.52,93.01,-66.52,0,Division 58.4.1,East Indian Ocean,Pacific,,P-EARSMPA,no,yes
426,2017,26,2022.668554,558.024119,1235.632442,1321.109354,1928.116046,3044.911964,3350.693816,HASW,Haswell,-66.52,93.01,-66.52,0,Division 58.4.1,East Indian Ocean,Pacific,,P-EARSMPA,no,yes
476,2018,26,2117.295546,597.919052,1297.711732,1378.729237,2006.689505,3216.012536,3590.756755,HASW,Haswell,-66.52,93.01,-66.52,0,Division 58.4.1,East Indian Ocean,Pacific,,P-EARSMPA,no,yes
27,2009,27,2529.31863,1363.383352,0,631.0594678,2327.72687,4985.535163,5822.479567,JASN,Jason,-66.100236,-60.668903,-66.100236,-53.92791378,Subarea 48.5,Bellingshausen Sea,Weddell,,P-WEDDELL,no,yes
77,2010,27,2346.975043,755.2734495,1351.347989,1450.460102,2197.461835,3740.486409,4260.851457,JASN,Jason,-66.100236,-60.668903,-66.100236,-53.92791378,Subarea 48.5,Bellingshausen Sea,Weddell,,P-WEDDELL,no,yes
127,2011,27,2305.087976,776.8931292,1218.62517,1333.623544,2168.530871,3745.9357,4184.834274,JASN,Jason,-66.100236,-60.668903,-66.100236,-53.92791378,Subarea 48.5,Bellingshausen Sea,Weddell,,P-WEDDELL,no,yes
177,2012,27,2733.497307,664.2381606,1759.986612,1873.671442,2639.156412,3922.859534,4271.02864,JASN,Jason,-66.100236,-60.668903,-66.100236,-53.92791378,Subarea 48.5,Bellingshausen Sea,Weddell,,P-WEDDELL,no,yes
227,2013,27,1894.575443,543.0375234,1102.399102,1190.420927,1805.63759,2892.407192,3197.578927,JASN,Jason,-66.100236,-60.668903,-66.100236,-53.92791378,Subarea 48.5,Bellingshausen Sea,Weddell,,P-WEDDELL,no,yes
277,2014,27,1431.792298,402.5767411,867.5215627,926.9748126,1360.021382,2184.112871,2418.362356,JASN,Jason,-66.100236,-60.668903,-66.100236,-53.92791378,Subarea 48.5,Bellingshausen Sea,Weddell,,P-WEDDELL,no,yes
327,2015,27,1192.720031,445.5850561,561.2170774,623.9381189,1114.760697,2031.374241,2293.337266,JASN,Jason,-66.100236,-60.668903,-66.100236,-53.92791378,Subarea 48.5,Bellingshausen Sea,Weddell,,P-WEDDELL,no,yes
377,2016,27,1212.630606,407.631662,652.82794,707.6521116,1134.24409,1977.292247,2207.875261,JASN,Jason,-66.100236,-60.668903,-66.100236,-53.92791378,Subarea 48.5,Bellingshausen Sea,Weddell,,P-WEDDELL,no,yes
427,2017,27,1371.552005,412.3828804,804.7623923,865.3616268,1295.183948,2138.651208,2387.794011,JASN,Jason,-66.100236,-60.668903,-66.100236,-53.92791378,Subarea 48.5,Bellingshausen Sea,Weddell,,P-WEDDELL,no,yes
477,2018,27,1449.638167,487.0115552,805.4055421,869.5064205,1353.973197,2352.776224,2673.248131,JASN,Jason,-66.100236,-60.668903,-66.100236,-53.92791378,Subarea 48.5,Bellingshausen Sea,Weddell,,P-WEDDELL,no,yes
28,2009,28,2905.891164,731.4649442,1849.627773,1961.543873,2786.234919,4249.442297,4676.179887,KLOA,Kloa,-66.64,57.28,-66.64,45.824,Division 58.4.2,West Indian Ocean,Indian,,,no,no
78,2010,28,2048.478998,580.4402565,1214.72538,1301.873056,1950.29261,3124.947103,3434.894325,KLOA,Kloa,-66.64,57.28,-66.64,45.824,Division 58.4.2,West Indian Ocean,Indian,,,no,no
128,2011,28,1376.897782,479.8436985,703.0193124,766.2332486,1287.673115,2284.743124,2539.840725,KLOA,Kloa,-66.64,57.28,-66.64,45.824,Division 58.4.2,West Indian Ocean,Indian,,,no,no
178,2012,28,1100.84413,424.6678054,507.5315182,570.3592371,1025.01035,1886.885617,2131.909087,KLOA,Kloa,-66.64,57.28,-66.64,45.824,Division 58.4.2,West Indian Ocean,Indian,,,no,no
228,2013,28,1077.855101,328.3156332,631.2273482,675.2719102,1014.947005,1699.596758,1888.160764,KLOA,Kloa,-66.64,57.28,-66.64,45.824,Division 58.4.2,West Indian Ocean,Indian,,,no,no
278,2014,28,885.9441414,354.4908884,395.7011664,445.0686606,815.5924815,1566.759706,1776.425814,KLOA,Kloa,-66.64,57.28,-66.64,45.824,Division 58.4.2,West Indian Ocean,Indian,,,no,no
328,2015,28,886.9232554,348.8351641,407.0498144,454.7358498,821.2435031,1530.376417,1733.670869,KLOA,Kloa,-66.64,57.28,-66.64,45.824,Division 58.4.2,West Indian Ocean,Indian,,,no,no
378,2016,28,1097.096743,335.8677622,639.3619151,686.1046072,1033.652839,1720.483108,1937.068869,KLOA,Kloa,-66.64,57.28,-66.64,45.824,Division 58.4.2,West Indian Ocean,Indian,,,no,no
428,2017,28,1165.484143,433.7788074,562.1283635,624.8707478,1087.77288,1963.064316,2222.596148,KLOA,Kloa,-66.64,57.28,-66.64,45.824,Division 58.4.2,West Indian Ocean,Indian,,,no,no
478,2018,28,1468.270235,472.1010113,842.7116858,908.5360209,1375.197144,2327.579179,2634.375318,KLOA,Kloa,-66.64,57.28,-66.64,45.824,Division 58.4.2,West Indian Ocean,Indian,,,no,no
29,2009,29,731.6879051,229.4038827,426.5755463,457.3300029,688.1354506,1150.352409,1299.638018,LAZA,Lazarev,-69.75,15.55,-69.75,11.6625,Subarea 48.6,Dronning Maud Land,Weddell,,P-WEDDELL,no,yes
79,2010,29,437.4724281,179.4211656,200.4258015,222.6242972,401.3936678,773.7979806,879.7491202,LAZA,Lazarev,-69.75,15.55,-69.75,11.6625,Subarea 48.6,Dronning Maud Land,Weddell,,P-WEDDELL,no,yes
129,2011,29,0.008650017,1.498226905,0,0,0,0,0,LAZA,Lazarev,-69.75,15.55,-69.75,11.6625,Subarea 48.6,Dronning Maud Land,Weddell,,P-WEDDELL,no,yes
179,2012,29,234.6447459,94.85950003,110.6605584,122.5189864,215.3681455,410.9116291,468.9737335,LAZA,Lazarev,-69.75,15.55,-69.75,11.6625,Subarea 48.6,Dronning Maud Land,Weddell,,P-WEDDELL,no,yes
229,2013,29,206.1645923,66.66007469,113.3538177,122.7816157,194.4165203,329.8259105,368.5701576,LAZA,Lazarev,-69.75,15.55,-69.75,11.6625,Subarea 48.6,Dronning Maud Land,Weddell,,P-WEDDELL,no,yes
279,2014,29,200.9116387,54.27099518,123.3559828,131.760461,191.7040849,300.5044385,331.0002257,LAZA,Lazarev,-69.75,15.55,-69.75,11.6625,Subarea 48.6,Dronning Maud Land,Weddell,,P-WEDDELL,no,yes
329,2015,29,150.5090742,57.2337177,77.28104206,83.84503362,138.0478022,259.0112419,294.1016419,LAZA,Lazarev,-69.75,15.55,-69.75,11.6625,Subarea 48.6,Dronning Maud Land,Weddell,,P-WEDDELL,no,yes
379,2016,29,117.6150173,73.02905375,0,24.09576282,103.2290613,251.2602657,297.3227673,LAZA,Lazarev,-69.75,15.55,-69.75,11.6625,Subarea 48.6,Dronning Maud Land,Weddell,,P-WEDDELL,no,yes
429,2017,29,96.4633257,75.57705291,0,0,78.10956338,236.8675912,290.6111039,LAZA,Lazarev,-69.75,15.55,-69.75,11.6625,Subarea 48.6,Dronning Maud Land,Weddell,,P-WEDDELL,no,yes
479,2018,29,84.23752891,73.76734173,16.35929708,19.37510358,62.52116489,221.8967827,285.3382325,LAZA,Lazarev,-69.75,15.55,-69.75,11.6625,Subarea 48.6,Dronning Maud Land,Weddell,,P-WEDDELL,no,yes
30,2009,30,0,0,0,0,0,0,0,LEDD,Ledda,-74.228,-130.784,-74.228,-16.36625,Subarea 88.2,Amundsen Sea,Bell-Amundsen,,,no,no
80,2010,30,1995.431473,605.4103879,1214.96232,1296.384464,1877.806233,3095.52565,3487.504524,LEDD,Ledda,-74.228,-130.784,-74.228,-16.36625,Subarea 88.2,Amundsen Sea,Bell-Amundsen,,,no,no
130,2011,30,0,0,0,0,0,0,0,LEDD,Ledda,-74.228,-130.784,-74.228,-16.36625,Subarea 88.2,Amundsen Sea,Bell-Amundsen,,,no,no
180,2012,30,0,0,0,0,0,0,0,LEDD,Ledda,-74.228,-130.784,-74.228,-16.36625,Subarea 88.2,Amundsen Sea,Bell-Amundsen,,,no,no
230,2013,30,860.7727895,763.9292628,251.6314242,279.6230176,621.9097243,2184.845434,2899.596475,LEDD,Ledda,-74.228,-130.784,-74.228,-16.36625,Subarea 88.2,Amundsen Sea,Bell-Amundsen,,,no,no
280,2014,30,0.005840999,1.011690672,0,0,0,0,0,LEDD,Ledda,-74.228,-130.784,-74.228,-16.36625,Subarea 88.2,Amundsen Sea,Bell-Amundsen,,,no,no
330,2015,30,0,0,0,0,0,0,0,LEDD,Ledda,-74.228,-130.784,-74.228,-16.36625,Subarea 88.2,Amundsen Sea,Bell-Amundsen,,,no,no
380,2016,30,0,0,0,0,0,0,0,LEDD,Ledda,-74.228,-130.784,-74.228,-16.36625,Subarea 88.2,Amundsen Sea,Bell-Amundsen,,,no,no
430,2017,30,898.0665852,1432.054173,0,29.44375444,517.848272,2882.709841,4070.037482,LEDD,Ledda,-74.228,-130.784,-74.228,-16.36625,Subarea 88.2,Amundsen Sea,Bell-Amundsen,,,no,no
480,2018,30,915.6898745,1555.117815,0,26.0677506,493.8474997,3067.422861,4389.805354,LEDD,Ledda,-74.228,-130.784,-74.228,-16.36625,Subarea 88.2,Amundsen Sea,Bell-Amundsen,,,no,no
31,2009,31,5790.738056,1403.075286,3740.222026,3969.395868,5568.175839,8382.3301,9140.769577,LUIT,Luitpold,-77.269,-33.54,-77.269,-27.44832355,Subarea 48.5,Weddell Sea,Weddell,,P-WEDDELL,no,yes
81,2010,31,6035.028055,1371.984257,3918.157629,4168.135457,5846.564398,8531.844604,9300.916382,LUIT,Luitpold,-77.269,-33.54,-77.269,-27.44832355,Subarea 48.5,Weddell Sea,Weddell,,P-WEDDELL,no,yes
131,2011,31,5614.307683,1279.055132,3647.494688,3890.064748,5424.482728,7972.875958,8644.124299,LUIT,Luitpold,-77.269,-33.54,-77.269,-27.44832355,Subarea 48.5,Weddell Sea,Weddell,,P-WEDDELL,no,yes
181,2012,31,4653.76537,1187.555669,2912.15401,3098.596306,4471.5194,6814.100578,7471.690155,LUIT,Luitpold,-77.269,-33.54,-77.269,-27.44832355,Subarea 48.5,Weddell Sea,Weddell,,P-WEDDELL,no,yes
231,2013,31,4130.770764,1273.520312,2305.727772,2497.360041,3916.689458,6490.77816,7197.49322,LUIT,Luitpold,-77.269,-33.54,-77.269,-27.44832355,Subarea 48.5,Weddell Sea,Weddell,,P-WEDDELL,no,yes
281,2014,31,5092.640076,1145.436239,3357.718096,3553.601005,4931.04768,7200.967742,7815.899662,LUIT,Luitpold,-77.269,-33.54,-77.269,-27.44832355,Subarea 48.5,Weddell Sea,Weddell,,P-WEDDELL,no,yes
331,2015,31,4453.904309,1426.558051,2296.217517,2540.034346,4244.573848,7136.724315,7880.771249,LUIT,Luitpold,-77.269,-33.54,-77.269,-27.44832355,Subarea 48.5,Weddell Sea,Weddell,,P-WEDDELL,no,yes
381,2016,31,4497.04915,1073.934642,2883.728049,3060.195911,4334.096042,6457.616204,7067.582189,LUIT,Luitpold,-77.269,-33.54,-77.269,-27.44832355,Subarea 48.5,Weddell Sea,Weddell,,P-WEDDELL,no,yes
431,2017,31,4073.507208,1047.273098,2567.684707,2720.076633,3897.086691,6036.247561,6611.725693,LUIT,Luitpold,-77.269,-33.54,-77.269,-27.44832355,Subarea 48.5,Weddell Sea,Weddell,,P-WEDDELL,no,yes
481,2018,31,3311.655738,1496.366051,1456.419581,1617.504515,2977.779557,6141.85215,7161.159582,LUIT,Luitpold,-77.269,-33.54,-77.269,-27.44832355,Subarea 48.5,Weddell Sea,Weddell,,P-WEDDELL,no,yes
32,2009,32,4972.223795,1686.922133,2757.716653,2970.723935,4635.529989,8099.15249,9145.805487,MERT,Mertz,-67.23,145.516,-67.239125,18.1894935,Division 58.4.1,Victoria Oates Land,Pacific,,P-EARSMPA,no,yes
82,2010,32,0,0,0,0,0,0,0,MERT,Mertz,-67.23,145.516,-67.239125,18.1894935,Division 58.4.1,Victoria Oates Land,Pacific,,P-EARSMPA,no,yes
132,2011,32,3771.937867,1146.879639,2205.796781,2377.92379,3552.684145,5919.183805,6608.060808,MERT,Mertz,-67.23,145.516,-67.239125,18.1894935,Division 58.4.1,Victoria Oates Land,Pacific,,P-EARSMPA,no,yes
182,2012,32,3321.684518,1492.611238,0,1145.543651,3187.083938,5916.240867,6661.110729,MERT,Mertz,-67.23,145.516,-67.239125,18.1894935,Division 58.4.1,Victoria Oates Land,Pacific,,P-EARSMPA,no,yes
232,2013,32,3138.955765,1172.310836,1528.877647,1682.796977,2924.401873,5299.911336,5983.930704,MERT,Mertz,-67.23,145.516,-67.239125,18.1894935,Division 58.4.1,Victoria Oates Land,Pacific,,P-EARSMPA,no,yes
282,2014,32,3439.537566,1094.426628,1932.5964,2079.122236,3238.406287,5493.769196,6135.25004,MERT,Mertz,-67.23,145.516,-67.239125,18.1894935,Division 58.4.1,Victoria Oates Land,Pacific,,P-EARSMPA,no,yes
332,2015,32,4953.665179,1091.886216,3277.59229,3473.679033,4799.912768,6964.514991,7497.970251,MERT,Mertz,-67.23,145.516,-67.239125,18.1894935,Division 58.4.1,Victoria Oates Land,Pacific,,P-EARSMPA,no,yes
382,2016,32,4938.704026,1698.396411,2593.446645,2822.336216,4616.706779,8105.056979,9092.727031,MERT,Mertz,-67.23,145.516,-67.239125,18.1894935,Division 58.4.1,Victoria Oates Land,Pacific,,P-EARSMPA,no,yes
432,2017,32,6663.391803,2903.167594,0,2494.689038,6414.204405,11621.71968,13084.344,MERT,Mertz,-67.23,145.516,-67.239125,18.1894935,Division 58.4.1,Victoria Oates Land,Pacific,,P-EARSMPA,no,yes
482,2018,32,9673.019165,2919.339502,5688.580743,6107.590705,9119.678991,15121.64156,16909.36766,MERT,Mertz,-67.23,145.516,-67.239125,18.1894935,Division 58.4.1,Victoria Oates Land,Pacific,,P-EARSMPA,no,yes
33,2009,33,3269.615299,972.1375136,1933.913638,2077.003311,3084.703585,5075.436873,5698.906577,NOVI,Noville,-71.77,-98.45,-71.77,-86.14375,Subarea 88.3,Bellingshausen Sea,Bell-Amundsen,,,no,no
83,2010,33,2429.507725,799.9161674,1354.837221,1464.542842,2270.958261,3931.077703,4428.167648,NOVI,Noville,-71.77,-98.45,-71.77,-86.14375,Subarea 88.3,Bellingshausen Sea,Bell-Amundsen,,,no,no
133,2011,33,1810.888573,776.1224983,796.3701365,880.6534878,1646.102456,3302.896627,3745.738864,NOVI,Noville,-71.77,-98.45,-71.77,-86.14375,Subarea 88.3,Bellingshausen Sea,Bell-Amundsen,,,no,no
183,2012,33,1916.399527,747.2290507,897.5373115,994.928279,1775.682691,3310.637267,3747.143394,NOVI,Noville,-71.77,-98.45,-71.77,-86.14375,Subarea 88.3,Bellingshausen Sea,Bell-Amundsen,,,no,no
233,2013,33,2506.393649,646.1730449,1581.523319,1679.603777,2399.11446,3706.532275,4086.983788,NOVI,Noville,-71.77,-98.45,-71.77,-86.14375,Subarea 88.3,Bellingshausen Sea,Bell-Amundsen,,,no,no
283,2014,33,3091.478339,830.7209644,1885.776014,2014.944128,2953.508409,4637.990359,5090.794378,NOVI,Noville,-71.77,-98.45,-71.77,-86.14375,Subarea 88.3,Bellingshausen Sea,Bell-Amundsen,,,no,no
333,2015,33,3434.867578,1037.840475,1978.064863,2134.845394,3244.936312,5382.895322,5992.99858,NOVI,Noville,-71.77,-98.45,-71.77,-86.14375,Subarea 88.3,Bellingshausen Sea,Bell-Amundsen,,,no,no
383,2016,33,3563.270848,1601.690257,0,1389.104132,3398.507639,6335.689565,7147.230261,NOVI,Noville,-71.77,-98.45,-71.77,-86.14375,Subarea 88.3,Bellingshausen Sea,Bell-Amundsen,,,no,no
433,2017,33,3964.437346,1498.311591,2129.095272,2300.4403,3637.097132,6689.013381,7774.145366,NOVI,Noville,-71.77,-98.45,-71.77,-86.14375,Subarea 88.3,Bellingshausen Sea,Bell-Amundsen,,,no,no
483,2018,33,3875.06751,2394.555845,0,941.3870161,3438.38758,8096.168743,9658.927125,NOVI,Noville,-71.77,-98.45,-71.77,-86.14375,Subarea 88.3,Bellingshausen Sea,Bell-Amundsen,,,no,no
35,2009,35,2681.105286,1384.657729,0,826.7504201,2486.487314,5182.979738,5992.786348,PSON,Peterson,-65.92,110.23,-65.92,94.48285714,Division 58.4.1,Australia,Pacific,,,no,no
85,2010,35,2488.525006,721.8823623,1496.972972,1601.886632,2353.993329,3815.722221,4247.358711,PSON,Peterson,-65.92,110.23,-65.92,94.48285714,Division 58.4.1,Australia,Pacific,,,no,no
135,2011,35,2215.432308,653.9143391,1280.301448,1378.660255,2101.882672,3454.58236,3796.987356,PSON,Peterson,-65.92,110.23,-65.92,94.48285714,Division 58.4.1,Australia,Pacific,,,no,no
185,2012,35,2118.832087,537.4815187,1341.06459,1421.964672,2029.426508,3104.566106,3419.10907,PSON,Peterson,-65.92,110.23,-65.92,94.48285714,Division 58.4.1,Australia,Pacific,,,no,no
235,2013,35,1895.196723,581.1755288,1023.282914,1118.358989,1804.63989,2983.42211,3282.920694,PSON,Peterson,-65.92,110.23,-65.92,94.48285714,Division 58.4.1,Australia,Pacific,,,no,no
285,2014,35,2062.456721,479.5371536,1348.505899,1427.829268,1988.735315,2947.230189,3213.889343,PSON,Peterson,-65.92,110.23,-65.92,94.48285714,Division 58.4.1,Australia,Pacific,,,no,no
335,2015,35,1318.310889,698.9541709,414.4357425,483.3473609,1178.57257,2632.36558,3063.791525,PSON,Peterson,-65.92,110.23,-65.92,94.48285714,Division 58.4.1,Australia,Pacific,,,no,no
385,2016,35,1069.586516,791.9601956,186.1439014,228.4625093,878.0709932,2568.596387,3091.230369,PSON,Peterson,-65.92,110.23,-65.92,94.48285714,Division 58.4.1,Australia,Pacific,,,no,no
435,2017,35,1033.703832,936.5207842,0,72.50480297,790.4915166,2768.433771,3536.813826,PSON,Peterson,-65.92,110.23,-65.92,94.48285714,Division 58.4.1,Australia,Pacific,,,no,no
485,2018,35,1056.225632,1096.805099,0,43.19457294,740.9758274,3048.044373,3946.815444,PSON,Peterson,-65.92,110.23,-65.92,94.48285714,Division 58.4.1,Australia,Pacific,,,no,no
34,2009,34,2356.909657,698.7404656,1389.295876,1481.49873,2226.165009,3661.154497,4061.173046,PGEO,Geologie,-66.67,140.01,-66.67,108.8966667,Division 58.4.1,Australia,Pacific,,P-EARSMPA,no,yes
84,2010,34,1797.419929,535.8443348,1037.09904,1116.728353,1703.60687,2792.239536,3114.498371,PGEO,Geologie,-66.67,140.01,-66.67,108.8966667,Division 58.4.1,Australia,Pacific,,P-EARSMPA,no,yes
134,2011,34,1836.525403,455.0709766,1158.832525,1234.199945,1766.348755,2678.280251,2912.26634,PGEO,Geologie,-66.67,140.01,-66.67,108.8966667,Division 58.4.1,Australia,Pacific,,P-EARSMPA,no,yes
184,2012,34,1729.828052,231.8983179,1330.444063,1381.593122,1713.069737,2135.717243,2231.790945,PGEO,Geologie,-66.67,140.01,-66.67,108.8966667,Division 58.4.1,Australia,Pacific,,P-EARSMPA,no,yes
234,2013,34,849.9369711,129.4116899,628.1633644,658.6109463,838.3249965,1078.728754,1133.886783,PGEO,Geologie,-66.67,140.01,-66.67,108.8966667,Division 58.4.1,Australia,Pacific,,P-EARSMPA,no,yes
284,2014,34,847.0693147,103.1736768,668.2820857,692.5155996,839.0799528,1027.955702,1070.566393,PGEO,Geologie,-66.67,140.01,-66.67,108.8966667,Division 58.4.1,Australia,Pacific,,P-EARSMPA,no,yes
334,2015,34,1844.140724,230.576655,1436.187814,1494.011083,1830.179977,2245.955569,2334.923715,PGEO,Geologie,-66.67,140.01,-66.67,108.8966667,Division 58.4.1,Australia,Pacific,,P-EARSMPA,no,yes
384,2016,34,1387.205075,175.1589375,1077.102841,1120.303602,1376.036652,1693.806505,1763.270726,PGEO,Geologie,-66.67,140.01,-66.67,108.8966667,Division 58.4.1,Australia,Pacific,,P-EARSMPA,no,yes
434,2017,34,1610.884049,210.5734321,1240.349854,1291.866738,1596.241402,1983.093642,2062.569891,PGEO,Geologie,-66.67,140.01,-66.67,108.8966667,Division 58.4.1,Australia,Pacific,,P-EARSMPA,no,yes
484,2018,34,1989.787168,267.6641862,1518.025355,1583.350395,1971.298161,2454.720329,2565.157775,PGEO,Geologie,-66.67,140.01,-66.67,108.8966667,Division 58.4.1,Australia,Pacific,,P-EARSMPA,no,yes
36,2009,36,5567.93799,1268.28011,3666.786256,3873.183831,5374.689119,7902.010133,8571.428727,RAGN,Ragnhild,-69.9,27.15,-69.9,24.13333333,Subarea 48.6,West Indian Ocean,Indian,,,no,no
86,2010,36,3531.557569,1023.153596,2076.917425,2218.898233,3357.996566,5416.435869,6013.225219,RAGN,Ragnhild,-69.9,27.15,-69.9,24.13333333,Subarea 48.6,West Indian Ocean,Indian,,,no,no
136,2011,36,2865.570082,890.1139081,1634.902697,1758.588456,2703.347867,4520.015343,5030.958255,RAGN,Ragnhild,-69.9,27.15,-69.9,24.13333333,Subarea 48.6,West Indian Ocean,Indian,,,no,no
186,2012,36,2942.517335,1002.719039,1535.249608,1680.037433,2760.70034,4803.345989,5353.62189,RAGN,Ragnhild,-69.9,27.15,-69.9,24.13333333,Subarea 48.6,West Indian Ocean,Indian,,,no,no
236,2013,36,3490.775192,1169.431114,1791.935535,1970.716884,3307.242548,5684.827605,6294.771801,RAGN,Ragnhild,-69.9,27.15,-69.9,24.13333333,Subarea 48.6,West Indian Ocean,Indian,,,no,no
286,2014,36,5019.99057,1129.731546,3293.061795,3497.863623,4855.258863,7102.886497,7677.045024,RAGN,Ragnhild,-69.9,27.15,-69.9,24.13333333,Subarea 48.6,West Indian Ocean,Indian,,,no,no
336,2015,36,5501.784547,1300.024482,3533.672591,3753.344924,5308.691536,7901.379775,8585.732859,RAGN,Ragnhild,-69.9,27.15,-69.9,24.13333333,Subarea 48.6,West Indian Ocean,Indian,,,no,no
386,2016,36,5375.549155,1852.559186,2644.386168,2943.064665,5080.211218,8761.590135,9742.658326,RAGN,Ragnhild,-69.9,27.15,-69.9,24.13333333,Subarea 48.6,West Indian Ocean,Indian,,,no,no
436,2017,36,6851.66134,1817.643452,4286.310098,4563.510685,6533.697604,10220.38709,11258.49277,RAGN,Ragnhild,-69.9,27.15,-69.9,24.13333333,Subarea 48.6,West Indian Ocean,Indian,,,no,no
486,2018,36,6687.954281,3577.230391,0,1577.11127,6177.281142,13115.19089,15246.15954,RAGN,Ragnhild,-69.9,27.15,-69.9,24.13333333,Subarea 48.6,West Indian Ocean,Indian,,,no,no
37,2009,37,5146.824742,1943.694504,2667.301755,2892.190411,4744.846788,8755.862336,10028.30259,RIIS,Riiser,-72.12,-15.11,-72.12,-12.088,Subarea 48.6,Dronning Maud Land,Weddell,,P-WEDDELL,no,yes
87,2010,37,4984.274727,2161.824033,0,1954.688311,4796.494511,8675.316716,9900.834316,RIIS,Riiser,-72.12,-15.11,-72.12,-12.088,Subarea 48.6,Dronning Maud Land,Weddell,,P-WEDDELL,no,yes
137,2011,37,5118.703425,1200.269242,3335.315933,3536.76128,4926.79843,7339.509825,8004.94032,RIIS,Riiser,-72.12,-15.11,-72.12,-12.088,Subarea 48.6,Dronning Maud Land,Weddell,,P-WEDDELL,no,yes
187,2012,37,5578.49147,1270.234901,3643.622059,3858.78726,5394.049805,7896.346652,8583.578422,RIIS,Riiser,-72.12,-15.11,-72.12,-12.088,Subarea 48.6,Dronning Maud Land,Weddell,,P-WEDDELL,no,yes
237,2013,37,5434.210791,1389.789525,3365.958002,3604.905944,5205.13341,8035.345729,8787.901786,RIIS,Riiser,-72.12,-15.11,-72.12,-12.088,Subarea 48.6,Dronning Maud Land,Weddell,,P-WEDDELL,no,yes
287,2014,37,4678.439401,1301.778726,2834.635775,3037.173841,4444.507854,7101.241525,7869.077295,RIIS,Riiser,-72.12,-15.11,-72.12,-12.088,Subarea 48.6,Dronning Maud Land,Weddell,,P-WEDDELL,no,yes
337,2015,37,4554.875169,1507.208229,2374.639276,2585.682121,4306.040572,7350.114237,8201.213341,RIIS,Riiser,-72.12,-15.11,-72.12,-12.088,Subarea 48.6,Dronning Maud Land,Weddell,,P-WEDDELL,no,yes
387,2016,37,5442.411821,1369.772038,3405.370337,3630.87,5216.290116,7965.806499,8696.416308,RIIS,Riiser,-72.12,-15.11,-72.12,-12.088,Subarea 48.6,Dronning Maud Land,Weddell,,P-WEDDELL,no,yes
437,2017,37,6489.495868,1428.406467,4319.890296,4556.056188,6294.324853,9101.169168,9855.279665,RIIS,Riiser,-72.12,-15.11,-72.12,-12.088,Subarea 48.6,Dronning Maud Land,Weddell,,P-WEDDELL,no,yes
487,2018,37,5485.36006,1728.188901,3151.111543,3391.680839,5139.821997,8717.006361,9778.143303,RIIS,Riiser,-72.12,-15.11,-72.12,-12.088,Subarea 48.6,Dronning Maud Land,Weddell,,P-WEDDELL,no,yes
39,2009,39,1397.594887,919.3549507,0,276.1781599,1213.61679,3068.926274,3679.018128,ROTS,Rothschild,-69.518,-72.265,-69.518,-66.24291667,Subarea 88.3,Bellingshausen Sea,Bell-Amundsen,,P-D1MPA,no,yes
89,2010,39,1173.100459,646.7632414,0,348.8841699,1068.059083,2333.041035,2756.476824,ROTS,Rothschild,-69.518,-72.265,-69.518,-66.24291667,Subarea 88.3,Bellingshausen Sea,Bell-Amundsen,,P-D1MPA,no,yes
139,2011,39,1021.35284,340.0602496,572.4037767,614.7368167,952.9392673,1659.203803,1871.673657,ROTS,Rothschild,-69.518,-72.265,-69.518,-66.24291667,Subarea 88.3,Bellingshausen Sea,Bell-Amundsen,,P-D1MPA,no,yes
189,2012,39,810.1872815,263.8699211,445.2268382,482.3591808,759.3837638,1307.890016,1461.233844,ROTS,Rothschild,-69.518,-72.265,-69.518,-66.24291667,Subarea 88.3,Bellingshausen Sea,Bell-Amundsen,,P-D1MPA,no,yes
239,2013,39,705.5213545,222.7553252,383.7284187,418.149502,667.2251414,1125.95458,1247.304972,ROTS,Rothschild,-69.518,-72.265,-69.518,-66.24291667,Subarea 88.3,Bellingshausen Sea,Bell-Amundsen,,P-D1MPA,no,yes
289,2014,39,730.129088,141.9798661,505.9156007,533.0752789,712.0240472,987.2442592,1059.080752,ROTS,Rothschild,-69.518,-72.265,-69.518,-66.24291667,Subarea 88.3,Bellingshausen Sea,Bell-Amundsen,,P-D1MPA,no,yes
339,2015,39,449.3104795,106.3298029,290.8617132,309.3538967,433.5125959,643.606561,704.6658011,ROTS,Rothschild,-69.518,-72.265,-69.518,-66.24291667,Subarea 88.3,Bellingshausen Sea,Bell-Amundsen,,P-D1MPA,no,yes
389,2016,39,440.2947836,97.31123454,292.7579869,309.7862573,426.2375327,619.7884053,673.9973305,ROTS,Rothschild,-69.518,-72.265,-69.518,-66.24291667,Subarea 88.3,Bellingshausen Sea,Bell-Amundsen,,P-D1MPA,no,yes
439,2017,39,584.4490098,115.3311297,401.7070404,424.7814507,569.0333949,793.6703876,850.065887,ROTS,Rothschild,-69.518,-72.265,-69.518,-66.24291667,Subarea 88.3,Bellingshausen Sea,Bell-Amundsen,,P-D1MPA,no,yes
489,2018,39,785.6844866,188.852806,503.570449,536.0977766,756.2790972,1134.338159,1239.245326,ROTS,Rothschild,-69.518,-72.265,-69.518,-66.24291667,Subarea 88.3,Bellingshausen Sea,Bell-Amundsen,,P-D1MPA,no,yes
40,2009,40,2480.343761,1340.137437,0,558.8053078,2277.996147,4880.039269,5644.485576,RUPE,Rupert,-75.38,-143.3,-75.38,0,Subarea 88.2,Amundsen Sea,Ross,,,no,no
90,2010,40,2311.72592,761.640461,1295.432549,1390.298337,2162.32624,3749.268583,4195.77854,RUPE,Rupert,-75.38,-143.3,-75.38,0,Subarea 88.2,Amundsen Sea,Ross,,,no,no
140,2011,40,1898.220061,675.8808724,959.8682936,1050.206598,1774.603635,3158.903769,3525.108286,RUPE,Rupert,-75.38,-143.3,-75.38,0,Subarea 88.2,Amundsen Sea,Ross,,,no,no
190,2012,40,1903.476617,580.5463551,1089.741233,1169.144549,1802.173735,2974.915706,3304.277061,RUPE,Rupert,-75.38,-143.3,-75.38,0,Subarea 88.2,Amundsen Sea,Ross,,,no,no
240,2013,40,2019.282102,569.3251991,1210.280149,1297.49179,1918.024767,3067.121914,3401.612864,RUPE,Rupert,-75.38,-143.3,-75.38,0,Subarea 88.2,Amundsen Sea,Ross,,,no,no
290,2014,40,1926.573183,689.6515649,1035.439787,1117.68056,1786.551087,3197.518328,3651.841173,RUPE,Rupert,-75.38,-143.3,-75.38,0,Subarea 88.2,Amundsen Sea,Ross,,,no,no
340,2015,40,0,0,0,0,0,0,0,RUPE,Rupert,-75.38,-143.3,-75.38,0,Subarea 88.2,Amundsen Sea,Ross,,,no,no
390,2016,40,0,0,0,0,0,0,0,RUPE,Rupert,-75.38,-143.3,-75.38,0,Subarea 88.2,Amundsen Sea,Ross,,,no,no
440,2017,40,1951.244646,1731.721913,0,186.2131544,1514.451322,5021.840036,6254.349057,RUPE,Rupert,-75.38,-143.3,-75.38,0,Subarea 88.2,Amundsen Sea,Ross,,,no,no
490,2018,40,2008.747934,2069.586022,0,130.1814591,1450.332871,5569.107987,7277.276152,RUPE,Rupert,-75.38,-143.3,-75.38,0,Subarea 88.2,Amundsen Sea,Ross,,,no,no
41,2009,41,3600.737683,1051.667843,2141.143355,2295.515724,3401.775806,5534.432346,6212.275505,SANA,Sanae,-70.03,-1.34,-70.04355556,-0.946666667,Subarea 48.6,Dronning Maud Land,Weddell,,P-WEDDELL,no,yes
91,2010,41,3695.212552,902.6626243,2394.492318,2532.396306,3547.706403,5333.056549,5808.197157,SANA,Sanae,-70.03,-1.34,-70.04355556,-0.946666667,Subarea 48.6,Dronning Maud Land,Weddell,,P-WEDDELL,no,yes
141,2011,41,3328.022505,961.3484659,1985.176996,2116.231118,3162.558466,5114.310466,5675.520338,SANA,Sanae,-70.03,-1.34,-70.04355556,-0.946666667,Subarea 48.6,Dronning Maud Land,Weddell,,P-WEDDELL,no,yes
191,2012,41,3595.010646,1245.026628,1791.922667,1992.974941,3396.595285,5880.940871,6567.879587,SANA,Sanae,-70.03,-1.34,-70.04355556,-0.946666667,Subarea 48.6,Dronning Maud Land,Weddell,,P-WEDDELL,no,yes
241,2013,41,4358.807624,1157.663835,2693.881861,2871.830803,4170.109712,6469.998791,7108.061987,SANA,Sanae,-70.03,-1.34,-70.04355556,-0.946666667,Subarea 48.6,Dronning Maud Land,Weddell,,P-WEDDELL,no,yes
291,2014,41,4167.550598,1253.394255,2431.765095,2605.749293,3935.596491,6547.367112,7275.098783,SANA,Sanae,-70.03,-1.34,-70.04355556,-0.946666667,Subarea 48.6,Dronning Maud Land,Weddell,,P-WEDDELL,no,yes
341,2015,41,4864.79266,2008.754577,0,1921.962721,4734.51775,8234.033785,9281.793189,SANA,Sanae,-70.03,-1.34,-70.04355556,-0.946666667,Subarea 48.6,Dronning Maud Land,Weddell,,P-WEDDELL,no,yes
391,2016,41,6029.483228,1452.490439,3887.180343,4131.789565,5805.357555,8711.340033,9571.370345,SANA,Sanae,-70.03,-1.34,-70.04355556,-0.946666667,Subarea 48.6,Dronning Maud Land,Weddell,,P-WEDDELL,no,yes
441,2017,41,5120.885338,1900.008745,2460.854784,2726.047647,4785.459209,8624.31483,9770.577945,SANA,Sanae,-70.03,-1.34,-70.04355556,-0.946666667,Subarea 48.6,Dronning Maud Land,Weddell,,P-WEDDELL,no,yes
491,2018,41,4869.385605,2011.06838,2441.950442,2665.682398,4411.116725,8595.186369,9964.725278,SANA,Sanae,-70.03,-1.34,-70.04355556,-0.946666667,Subarea 48.6,Dronning Maud Land,Weddell,,P-WEDDELL,no,yes
42,2009,42,6448.146336,1943.60468,3837.808701,4120.842767,6077.204077,10020.88164,11306.7045,SHAC,Shackleton,-64.86,96.02,-64.86,0,Division 58.4.1,East Indian Ocean,Pacific,,,no,no
92,2010,42,5619.127808,2585.925625,0,1953.227663,5340.561509,10042.22783,11435.19202,SHAC,Shackleton,-64.86,96.02,-64.86,0,Division 58.4.1,East Indian Ocean,Pacific,,,no,no
142,2011,42,4980.506121,2308.551055,0,1633.981228,4750.442838,8979.53793,10170.2076,SHAC,Shackleton,-64.86,96.02,-64.86,0,Division 58.4.1,East Indian Ocean,Pacific,,,no,no
192,2012,42,4527.255387,1381.58884,2668.754477,2853.053948,4259.741945,7089.305194,7906.20821,SHAC,Shackleton,-64.86,96.02,-64.86,0,Division 58.4.1,East Indian Ocean,Pacific,,,no,no
242,2013,42,2950.20293,1544.264105,0,753.0207744,2723.079066,5697.93488,6644.148879,SHAC,Shackleton,-64.86,96.02,-64.86,0,Division 58.4.1,East Indian Ocean,Pacific,,,no,no
292,2014,42,2115.062522,1263.944915,801.1996817,892.7860394,1775.027737,4454.21863,5450.804731,SHAC,Shackleton,-64.86,96.02,-64.86,0,Division 58.4.1,East Indian Ocean,Pacific,,,no,no
342,2015,42,1671.87064,1383.914698,0,286.6204865,1328.70219,4157.087238,5206.736789,SHAC,Shackleton,-64.86,96.02,-64.86,0,Division 58.4.1,East Indian Ocean,Pacific,,,no,no
392,2016,42,1469.934627,1411.349701,271.0040827,325.1851293,1066.726583,3900.655574,4983.514453,SHAC,Shackleton,-64.86,96.02,-64.86,0,Division 58.4.1,East Indian Ocean,Pacific,,,no,no
442,2017,42,1411.963565,1736.810209,0,0,962.4840833,4133.261736,5420.437881,SHAC,Shackleton,-64.86,96.02,-64.86,0,Division 58.4.1,East Indian Ocean,Pacific,,,no,no
492,2018,42,1433.177607,1913.858295,0,0,908.5066552,4445.241079,5992.322682,SHAC,Shackleton,-64.86,96.02,-64.86,0,Division 58.4.1,East Indian Ocean,Pacific,,,no,no
43,2009,43,3698.93545,820.200176,2428.786635,2574.924606,3583.711367,5181.79617,5610.214245,SMTH,Smith,-74.37,-60.83,-74.37,-48.664,Subarea 48.5,Bellingshausen Sea,Weddell,,P-WEDDELL,no,yes
93,2010,43,3496.425571,871.3675278,2202.149569,2344.023667,3365.657692,5093.444092,5574.920854,SMTH,Smith,-74.37,-60.83,-74.37,-48.664,Subarea 48.5,Bellingshausen Sea,Weddell,,P-WEDDELL,no,yes
143,2011,43,3392.232812,1067.274279,1800.280125,1978.237506,3225.274183,5380.273463,5922.065702,SMTH,Smith,-74.37,-60.83,-74.37,-48.664,Subarea 48.5,Bellingshausen Sea,Weddell,,P-WEDDELL,no,yes
193,2012,43,3985.225108,923.6554345,2586.50879,2751.95879,3848.527579,5698.631711,6203.061523,SMTH,Smith,-74.37,-60.83,-74.37,-48.664,Subarea 48.5,Bellingshausen Sea,Weddell,,P-WEDDELL,no,yes
243,2013,43,3765.608939,965.2761582,2340.551227,2502.506823,3615.946061,5549.685112,6097.148996,SMTH,Smith,-74.37,-60.83,-74.37,-48.664,Subarea 48.5,Bellingshausen Sea,Weddell,,P-WEDDELL,no,yes
293,2014,43,4048.776363,999.2554434,2579.785618,2735.39337,3895.479791,5888.985548,6421.792827,SMTH,Smith,-74.37,-60.83,-74.37,-48.664,Subarea 48.5,Bellingshausen Sea,Weddell,,P-WEDDELL,no,yes
343,2015,43,4520.92615,1083.433571,2903.424629,3089.859715,4352.663876,6522.5564,7103.650431,SMTH,Smith,-74.37,-60.83,-74.37,-48.664,Subarea 48.5,Bellingshausen Sea,Weddell,,P-WEDDELL,no,yes
393,2016,43,3417.472594,1078.320742,1910.098421,2072.940806,3227.530075,5365.265098,5974.037274,SMTH,Smith,-74.37,-60.83,-74.37,-48.664,Subarea 48.5,Bellingshausen Sea,Weddell,,P-WEDDELL,no,yes
443,2017,43,2839.985727,962.6102935,1572.889053,1699.493062,2657.754191,4554.58334,5096.370455,SMTH,Smith,-74.37,-60.83,-74.37,-48.664,Subarea 48.5,Bellingshausen Sea,Weddell,,P-WEDDELL,no,yes
493,2018,43,2532.468335,895.3303747,1439.510178,1538.323636,2341.498278,4151.610484,4741.191375,SMTH,Smith,-74.37,-60.83,-74.37,-48.664,Subarea 48.5,Bellingshausen Sea,Weddell,,P-WEDDELL,no,yes
44,2009,44,4773.541214,1068.955683,3132.255864,3331.61816,4628.04039,6719.751679,7297.134501,SMYL,Smyley,-72.3,-78.83,-72.3,-68.97625,Subarea 88.3,Bellingshausen Sea,Bell-Amundsen,,P-D1MPA,no,yes
94,2010,44,2753.562494,728.4032023,1687.878564,1805.501864,2635.679973,4098.389573,4498.373602,SMYL,Smyley,-72.3,-78.83,-72.3,-68.97625,Subarea 88.3,Bellingshausen Sea,Bell-Amundsen,,P-D1MPA,no,yes
144,2011,44,1860.195536,555.3277567,1083.602276,1161.129715,1759.062934,2907.491024,3232.945162,SMYL,Smyley,-72.3,-78.83,-72.3,-68.97625,Subarea 88.3,Bellingshausen Sea,Bell-Amundsen,,P-D1MPA,no,yes
194,2012,44,3089.272682,578.3682833,2166.526667,2276.783179,3018.79348,4148.545806,4429.162493,SMYL,Smyley,-72.3,-78.83,-72.3,-68.97625,Subarea 88.3,Bellingshausen Sea,Bell-Amundsen,,P-D1MPA,no,yes
244,2013,44,3360.058272,710.7841307,2263.522967,2392.362311,3264.339551,4661.318689,5031.736636,SMYL,Smyley,-72.3,-78.83,-72.3,-68.97625,Subarea 88.3,Bellingshausen Sea,Bell-Amundsen,,P-D1MPA,no,yes
294,2014,44,3696.821299,794.4627326,2464.156035,2604.490869,3588.902559,5142.370578,5546.385436,SMYL,Smyley,-72.3,-78.83,-72.3,-68.97625,Subarea 88.3,Bellingshausen Sea,Bell-Amundsen,,P-D1MPA,no,yes
344,2015,44,3087.173949,783.8689165,1912.623484,2050.496623,2965.77154,4528.716102,4941.586666,SMYL,Smyley,-72.3,-78.83,-72.3,-68.97625,Subarea 88.3,Bellingshausen Sea,Bell-Amundsen,,P-D1MPA,no,yes
394,2016,44,4322.413378,819.5266974,3018.679408,3181.009269,4220.149403,5821.41678,6221.244721,SMYL,Smyley,-72.3,-78.83,-72.3,-68.97625,Subarea 88.3,Bellingshausen Sea,Bell-Amundsen,,P-D1MPA,no,yes
444,2017,44,4757.157671,1371.727855,2771.871623,2979.712357,4525.661766,7291.392659,8079.814515,SMYL,Smyley,-72.3,-78.83,-72.3,-68.97625,Subarea 88.3,Bellingshausen Sea,Bell-Amundsen,,P-D1MPA,no,yes
494,2018,44,7107.2735,1913.846725,4376.284098,4664.849941,6777.302212,10654.17854,11750.98739,SMYL,Smyley,-72.3,-78.83,-72.3,-68.97625,Subarea 88.3,Bellingshausen Sea,Bell-Amundsen,,P-D1MPA,no,yes
45,2009,45,4316.712111,1703.963595,2064.802707,2279.966481,3979.313077,7480.45429,8583.283837,SNOW,Snow Hill,-64.52,-57.44,-64.52,-44.67555556,Subarea 48.1,Weddell Sea,Weddell,,P-WEDDELL,no,yes
95,2010,45,4991.437896,1140.218394,3273.015821,3480.556675,4822.613886,7060.528985,7681.113717,SNOW,Snow Hill,-64.52,-57.44,-64.52,-44.67555556,Subarea 48.1,Weddell Sea,Weddell,,P-WEDDELL,no,yes
145,2011,45,4002.863159,1099.659904,2414.208642,2585.612427,3818.406704,6019.700677,6623.285681,SNOW,Snow Hill,-64.52,-57.44,-64.52,-44.67555556,Subarea 48.1,Weddell Sea,Weddell,,P-WEDDELL,no,yes
195,2012,45,3962.680443,988.3377646,2486.727445,2657.728923,3814.391472,5777.010668,6301.730317,SNOW,Snow Hill,-64.52,-57.44,-64.52,-44.67555556,Subarea 48.1,Weddell Sea,Weddell,,P-WEDDELL,no,yes
245,2013,45,3016.481523,873.7250906,1743.062324,1882.90703,2876.740564,4623.702293,5108.801846,SNOW,Snow Hill,-64.52,-57.44,-64.52,-44.67555556,Subarea 48.1,Weddell Sea,Weddell,,P-WEDDELL,no,yes
295,2014,45,2501.782924,686.7342804,1535.943296,1639.779784,2380.888107,3772.741859,4184.697186,SNOW,Snow Hill,-64.52,-57.44,-64.52,-44.67555556,Subarea 48.1,Weddell Sea,Weddell,,P-WEDDELL,no,yes
345,2015,45,2218.152101,763.810932,1182.818766,1287.111273,2064.216114,3630.305636,4123.827072,SNOW,Snow Hill,-64.52,-57.44,-64.52,-44.67555556,Subarea 48.1,Weddell Sea,Weddell,,P-WEDDELL,no,yes
395,2016,45,2545.742636,1149.65308,0,0,2440.685959,4497.025097,5099.917392,SNOW,Snow Hill,-64.52,-57.44,-64.52,-44.67555556,Subarea 48.1,Weddell Sea,Weddell,,P-WEDDELL,no,yes
445,2017,45,3145.332413,1003.745289,1805.298777,1940.790519,2956.046835,4939.258277,5548.270752,SNOW,Snow Hill,-64.52,-57.44,-64.52,-44.67555556,Subarea 48.1,Weddell Sea,Weddell,,P-WEDDELL,no,yes
495,2018,45,4680.120276,1148.984968,3020.457352,3196.624446,4495.552585,6794.023004,7445.645186,SNOW,Snow Hill,-64.52,-57.44,-64.52,-44.67555556,Subarea 48.1,Weddell Sea,Weddell,,P-WEDDELL,no,yes
46,2009,46,8089.373753,3114.55088,4130.199861,4521.92204,7438.972996,13843.31399,15919.04258,STCB,Stancomb,-74.12,-23.09,-74.12,-21.44071429,Subarea 48.5,Weddell Sea,Weddell,,P-WEDDELL,no,yes
96,2010,46,9053.314401,2419.31221,5489.612807,5896.364155,8676.387945,13447.45369,14708.50654,STCB,Stancomb,-74.12,-23.09,-74.12,-21.44071429,Subarea 48.5,Weddell Sea,Weddell,,P-WEDDELL,no,yes
146,2011,46,9541.243765,1079.429266,7613.787361,7894.216316,9470.892815,11418.22593,11877.48141,STCB,Stancomb,-74.12,-23.09,-74.12,-21.44071429,Subarea 48.5,Weddell Sea,Weddell,,P-WEDDELL,no,yes
196,2012,46,8289.567628,1935.160058,5306.79242,5634.821117,8019.939646,11836.94347,12818.85616,STCB,Stancomb,-74.12,-23.09,-74.12,-21.44071429,Subarea 48.5,Weddell Sea,Weddell,,P-WEDDELL,no,yes
246,2013,46,5519.715903,1661.119445,3151.577729,3397.941284,5236.160569,8605.162495,9541.442156,STCB,Stancomb,-74.12,-23.09,-74.12,-21.44071429,Subarea 48.5,Weddell Sea,Weddell,,P-WEDDELL,no,yes
296,2014,46,4849.691942,1504.086563,2663.575571,2900.365436,4593.168317,7655.30507,8481.467327,STCB,Stancomb,-74.12,-23.09,-74.12,-21.44071429,Subarea 48.5,Weddell Sea,Weddell,,P-WEDDELL,no,yes
346,2015,46,5950.839691,1242.663437,3991.033496,4232.441895,5792.75423,8235.276939,8861.796165,STCB,Stancomb,-74.12,-23.09,-74.12,-21.44071429,Subarea 48.5,Weddell Sea,Weddell,,P-WEDDELL,no,yes
396,2016,46,4463.960267,1187.895797,2725.243296,2912.381277,4274.990762,6663.880413,7332.338053,STCB,Stancomb,-74.12,-23.09,-74.12,-21.44071429,Subarea 48.5,Weddell Sea,Weddell,,P-WEDDELL,no,yes
446,2017,46,3099.365284,939.2699579,1791.717482,1924.253824,2931.329183,4842.687913,5389.555767,STCB,Stancomb,-74.12,-23.09,-74.12,-21.44071429,Subarea 48.5,Weddell Sea,Weddell,,P-WEDDELL,no,yes
496,2018,46,2782.939366,913.4837165,1602.117388,1714.839907,2593.956888,4464.94801,5066.33412,STCB,Stancomb,-74.12,-23.09,-74.12,-21.44071429,Subarea 48.5,Weddell Sea,Weddell,,P-WEDDELL,no,yes
47,2009,47,933.912552,390.2226448,449.3841715,489.164217,847.9994748,1667.657633,1919.936117,TAYG,Taylor,-67.45,60.88,-67.45,43.48571429,Division 58.4.2,West Indian Ocean,Indian,,P-EARSMPA,no,yes
97,2010,47,916.761765,273.1594191,540.04793,577.9193409,866.7488942,1425.450245,1585.100008,TAYG,Taylor,-67.45,60.88,-67.45,43.48571429,Division 58.4.2,West Indian Ocean,Indian,,P-EARSMPA,no,yes
147,2011,47,821.2439719,249.4258115,453.3795192,493.8521586,780.7315525,1278.81733,1423.512581,TAYG,Taylor,-67.45,60.88,-67.45,43.48571429,Division 58.4.2,West Indian Ocean,Indian,,P-EARSMPA,no,yes
197,2012,47,830.24379,355.2797358,0,292.9722093,803.4844073,1431.372692,1603.78848,TAYG,Taylor,-67.45,60.88,-67.45,43.48571429,Division 58.4.2,West Indian Ocean,Indian,,P-EARSMPA,no,yes
247,2013,47,891.1767731,249.2474631,537.1359706,575.4408801,847.0498625,1350.681834,1501.981586,TAYG,Taylor,-67.45,60.88,-67.45,43.48571429,Division 58.4.2,West Indian Ocean,Indian,,P-EARSMPA,no,yes
297,2014,47,769.0680107,256.6904862,400.1539802,437.914954,725.4975868,1245.19089,1393.641218,TAYG,Taylor,-67.45,60.88,-67.45,43.48571429,Division 58.4.2,West Indian Ocean,Indian,,P-EARSMPA,no,yes
347,2015,47,787.6686805,233.9432749,435.08387,474.6185641,754.1131972,1218.319315,1341.662836,TAYG,Taylor,-67.45,60.88,-67.45,43.48571429,Division 58.4.2,West Indian Ocean,Indian,,P-EARSMPA,no,yes
397,2016,47,746.935166,191.7063913,469.5115112,498.697952,715.7637782,1096.67521,1207.337828,TAYG,Taylor,-67.45,60.88,-67.45,43.48571429,Division 58.4.2,West Indian Ocean,Indian,,P-EARSMPA,no,yes
447,2017,47,681.1403712,252.6844358,356.4098126,386.5694894,628.1541295,1156.671552,1317.827808,TAYG,Taylor,-67.45,60.88,-67.45,43.48571429,Division 58.4.2,West Indian Ocean,Indian,,P-EARSMPA,no,yes
497,2018,47,663.6038822,397.3828711,0,143.5511294,591.5909363,1381.308027,1640.90651,TAYG,Taylor,-67.45,60.88,-67.45,43.48571429,Division 58.4.2,West Indian Ocean,Indian,,P-EARSMPA,no,yes
48,2009,48,3860.987403,1274.292287,2181.782278,2343.429922,3596.795686,6258.647122,7092.551041,THUR,Thurston,-73.5,-125.621,-73.5,-109.918375,Subarea 88.2,Amundsen Sea,Bell-Amundsen,,,no,no
98,2010,48,4434.446994,1120.449745,2774.586575,2959.842824,4255.913474,6524.990566,7135.280457,THUR,Thurston,-73.5,-125.621,-73.5,-109.918375,Subarea 88.2,Amundsen Sea,Bell-Amundsen,,,no,no
148,2011,48,4105.543702,940.0837085,2684.465214,2844.3063,3964.966511,5834.011652,6325.82898,THUR,Thurston,-73.5,-125.621,-73.5,-109.918375,Subarea 88.2,Amundsen Sea,Bell-Amundsen,,,no,no
198,2012,48,3258.572607,859.3760836,1983.484214,2126.477941,3122.491292,4869.393011,5330.832425,THUR,Thurston,-73.5,-125.621,-73.5,-109.918375,Subarea 88.2,Amundsen Sea,Bell-Amundsen,,,no,no
248,2013,48,3131.372345,806.5337599,1938.668377,2071.613529,3002.983327,4624.686368,5040.338685,THUR,Thurston,-73.5,-125.621,-73.5,-109.918375,Subarea 88.2,Amundsen Sea,Bell-Amundsen,,,no,no
298,2014,48,2699.738539,674.9145909,1708.917761,1820.44238,2592.163639,3924.71405,4313.285619,THUR,Thurston,-73.5,-125.621,-73.5,-109.918375,Subarea 88.2,Amundsen Sea,Bell-Amundsen,,,no,no
348,2015,48,1903.628975,921.3249314,0,617.2178832,1794.257758,3494.616497,4014.36796,THUR,Thurston,-73.5,-125.621,-73.5,-109.918375,Subarea 88.2,Amundsen Sea,Bell-Amundsen,,,no,no
398,2016,48,1470.399788,782.7729043,537.8425817,612.2462795,1289.65098,2941.291809,3422.481901,THUR,Thurston,-73.5,-125.621,-73.5,-109.918375,Subarea 88.2,Amundsen Sea,Bell-Amundsen,,,no,no
448,2017,48,1253.133145,788.9069813,473.9687545,525.647792,1035.535725,2693.258673,3305.558379,THUR,Thurston,-73.5,-125.621,-73.5,-109.918375,Subarea 88.2,Amundsen Sea,Bell-Amundsen,,,no,no
498,2018,48,1210.080295,979.4439264,0,0,969.8862814,2978.335945,3733.556115,THUR,Thurston,-73.5,-125.621,-73.5,-109.918375,Subarea 88.2,Amundsen Sea,Bell-Amundsen,,,no,no
49,2009,49,231.4283084,149.9201356,105.5864042,114.4914944,192.2502562,472.3558967,609.8763254,UMBE,Umbeosi,-68.05,43.01,-68.05,0,Division 58.4.2,West Indian Ocean,Indian,,,no,no
99,2010,49,0.006024686,1.043506156,0,0,0,0,0,UMBE,Umbeosi,-68.05,43.01,-68.05,0,Division 58.4.2,West Indian Ocean,Indian,,,no,no
149,2011,49,0.005485251,0.950073289,0,0,0,0,0,UMBE,Umbeosi,-68.05,43.01,-68.05,0,Division 58.4.2,West Indian Ocean,Indian,,,no,no
199,2012,49,0.003245099,0.562067644,0,0,0,0,0,UMBE,Umbeosi,-68.05,43.01,-68.05,0,Division 58.4.2,West Indian Ocean,Indian,,,no,no
249,2013,49,161.3492919,65.82626563,76.59512424,84.09503599,147.749266,283.6807301,326.9600376,UMBE,Umbeosi,-68.05,43.01,-68.05,0,Division 58.4.2,West Indian Ocean,Indian,,,no,no
299,2014,49,178.9949381,53.17796522,105.2308844,113.0000424,169.3086169,275.1902411,305.8303957,UMBE,Umbeosi,-68.05,43.01,-68.05,0,Division 58.4.2,West Indian Ocean,Indian,,,no,no
349,2015,49,182.6557412,52.67578583,108.5804518,116.3879421,173.1822843,281.3035515,311.7326263,UMBE,Umbeosi,-68.05,43.01,-68.05,0,Division 58.4.2,West Indian Ocean,Indian,,,no,no
399,2016,49,176.5948727,65.82078235,93.8179694,101.1590947,162.3606509,297.4057658,341.8664766,UMBE,Umbeosi,-68.05,43.01,-68.05,0,Division 58.4.2,West Indian Ocean,Indian,,,no,no
449,2017,49,172.1320471,104.9063442,0,42.57481232,153.3421273,355.3500018,427.550509,UMBE,Umbeosi,-68.05,43.01,-68.05,0,Division 58.4.2,West Indian Ocean,Indian,,,no,no
499,2018,49,0,0,0,0,0,0,0,UMBE,Umbeosi,-68.05,43.01,-68.05,0,Division 58.4.2,West Indian Ocean,Indian,,,no,no
