colony,image_id,area_m2,phenology_est,lat,lon,datetime,date,time,b_pres,date_time,year,month,day,doy,date_utc,time_utc,ts,met_ff10,temp_airK,d2m,met_humc,rh_water,rh_ice,met_rad
Atka Bay,2024-03-22-20-13-47_UMBRA-06_GEC.tif,0,NA,-70.61977631,-8.155336736,22/03/2024 20:13,22/03/2024,20:13:47,no,22/03/2024 20:13,2024,3,22,82,22/03/2024,20:13:47 UTC,22/03/2024 20:13,13.283977508544922,264.8983154296875,260.8008117675781,78.16113838063893,72.18717383423129,78.16113838063893,
Atka Bay,2024-04-12-20-38-35_UMBRA-06_GEC.tif,1560.178706,females present,-70.61977631,-8.155336736,12/04/2024 20:38,12/04/2024,20:38:35,yes,12/04/2024 20:38,2024,4,12,103,12/04/2024,20:38:35 UTC,12/04/2024 20:38,17.404308319091797,264.73956298828125,261.4038086,83.21419505017066,76.73640819261006,83.21419505017066,0
Atka Bay,2024-04-24-00-04-46_UMBRA-04_GEC.tif,2551.88945,females present,-70.62214736,-8.159168671,24/04/2024 0:04,24/04/2024,0:04:46,yes,24/04/2024 0:04,2024,4,24,115,24/04/2024,00:04:46 UTC,24/04/2024 0:04,12.964659690856934,258.6616211,254.13722229003906,78.53781789975953,68.30221361858707,78.53781789975953,0
Atka Bay,2024-04-29-23-56-56_UMBRA-07_GEC.tif,739.8310552500001,females present,-70.61537017,-8.157441711,29/04/2024 23:56,29/04/2024,23:56:56,yes,29/04/2024 23:56,2024,4,29,120,29/04/2024,23:56:56 UTC,29/04/2024 23:56,8.768178939819336,266.07537841796875,264.9051818847656,97.74730312539145,91.30723757592536,97.74730312539145,0
Atka Bay,2024-05-09-00-18-11_UMBRA-05_GEC.tif,3273.181245,females present,-70.62025855,-8.156833989,9/05/2024 0:18,9/05/2024,0:18:11,yes,9/05/2024 0:18,2024,5,9,130,9/05/2024,00:18:11 UTC,9/05/2024 0:18,4.170286178588867,254.86703491210938,251.20591735839844,86.76300838579212,72.75271671,86.76300838579212,0
Atka Bay,2024-05-24-09-59-25_UMBRA-07_GEC.tif,2078.711791,females present,-70.61564506,-8.156670015,24/05/2024 9:59,24/05/2024,9:59:25,yes,24/05/2024 9:59,2024,5,24,145,24/05/2024,09:59:25 UTC,24/05/2024 9:59,4.053506851196289,252.51170349121094,249.26634216308594,91.48831556856345,75.00345221323865,91.48831556856345,0
Atka Bay,2024-06-07-09-24-36_UMBRA-04_GEC.tif,2250.108272,females present,-70.61450818,-8.154999432,7/06/2024 9:24,7/06/2024,9:24:36,yes,7/06/2024 9:24,2024,6,7,159,7/06/2024,09:24:36 UTC,7/06/2024 9:24,1.8991515636444092,246.2536621,243.4589080810547,99.59825788,76.93563470488746,99.59825788,0
Atka Bay,2024-06-19-22-51-44_UMBRA-05_GEC.tif,1350.693909,male huddle,-70.61467728,-8.155857616,19/06/2024 22:51,19/06/2024,22:51:44,yes,19/06/2024 22:51,2024,6,19,171,19/06/2024,22:51:44 UTC,19/06/2024 22:51,5.060398101806641,252.02403259277344,249.14259338378906,94.86009495172307,77.40596925950918,94.86009495172307,0
Atka Bay,2024-06-25-08-46-39_UMBRA-05_GEC.tif,1191.03712,male huddle,-70.61467728,-8.155857616,,25/06/2024,8:46:39,,25/06/2024 8:46,2024,6,25,177,25/06/2024,08:46:39 UTC,25/06/2024 8:46,4.763019085,253.75119018554688,249.44859313964844,82.52790809642975,68.46510085338528,82.52790809642975,0
Atka Bay,2024-07-12-22-45-13_UMBRA-05_GEC.tif,1060.172351,male huddle,-70.60847943,-8.15114804,12/07/2024 22:45,12/07/2024,22:45:13,yes,12/07/2024 22:45,2024,7,12,194,12/07/2024,22:45:13 UTC,12/07/2024 22:45,8.551918029785156,252.15292358398438,249.02743530273438,92.71176904001653,75.74618198723759,92.71176904001653,0
Atka Bay,2024-08-07-00-53-58_UMBRA-07_GEC.tif,1137.301076,female return,-70.60992838,-8.151732724,7/08/2024 0:53,7/08/2024,0:53:58,yes,7/08/2024 0:53,2024,8,7,220,7/08/2024,00:53:58 UTC,7/08/2024 0:53,7.682131767272949,257.4818115234375,252.6230469,76.83855195318608,66.06995219,76.83855195318608,0
Cape Crozier,2024-03-23-02-39-08_UMBRA-06_GEC.tif,0,NA,-77.45274249,169.2750659333333,23/03/2024 2:39,23/03/2024,2:39:08,no,23/03/2024 2:39,2024,3,23,83,23/03/2024,02:39:08 UTC,23/03/2024 2:39,2.469693660736084,255.18153381347656,249.36331176757812,71.45774546191936,60.10001669,71.45774546191936,
Cape Crozier,2024-04-04-13-25-53_UMBRA-05_GEC.tif,0,NA,-77.45274249,169.2750659333333,4/04/2024 13:25,4/04/2024,13:25:53,no,4/04/2024 13:25,2024,4,4,95,4/04/2024,13:25:53 UTC,4/04/2024 13:25,5.689780235290527,252.45138549804688,250.23843383789062,100.39630532496659,82.25888886345317,100.39630532496659,0
Cape Crozier,2024-04-06-22-22-05_UMBRA-07_GEC.tif,0,NA,-77.45274249,169.2750659333333,6/04/2024 22:22,6/04/2024,22:22:05,no,6/04/2024 22:22,2024,4,6,97,6/04/2024,22:22:05 UTC,6/04/2024 22:22,11.379654884338379,248.88491821289062,244.03688049316406,80.6767621,63.89218850979004,80.6767621,20.551111111111112
Cape Crozier,2024-04-23-15-16-44_UMBRA-07_GEC.tif,601.7200721,females present,-77.45274249,169.2750659333333,23/04/2024 15:16,23/04/2024,15:16:44,yes,23/04/2024 15:16,2024,4,23,114,23/04/2024,15:16:44 UTC,23/04/2024 15:16,4.7647199630737305,248.78036499023438,245.96377563476562,97.65254994082204,77.25944160198799,97.65254994082204,0
Cape Crozier,2024-05-02-15-27-32_UMBRA-07_GEC.tif,762.2053404000001,females present,-77.45211863,169.2749058,2/05/2024 15:27,2/05/2024,15:27:32,yes,2/05/2024 15:27,2024,5,2,123,2/05/2024,15:27:32 UTC,2/05/2024 15:27,4.396409034729004,251.4668731689453,249.36892700195312,102.21508801179105,82.96494524234161,102.21508801179105,0
Cape Crozier,2024-05-17-22-24-29_UMBRA-07_GEC.tif,550.1520551,females present,-77.45208197,169.2775054,17/05/2024 22:24,17/05/2024,22:24:29,yes,17/05/2024 22:24,2024,5,17,138,17/05/2024,22:24:29 UTC,17/05/2024 22:24,4.523411750793457,250.31187438964844,248.12734985351562,102.32946283342352,82.14783616354347,102.32946283342352,0
Cape Crozier,2024-06-01-14-57-01_UMBRA-07_GEC.tif,487.1682625,females present,-77.45157182,169.27866761666667,1/06/2024 14:57,1/06/2024,14:57:01,yes,1/06/2024 14:57,2024,6,1,153,1/06/2024,14:57:01 UTC,1/06/2024 14:57,4.475450516,258.0779724121094,256.3072204589844,99.71366504478532,86.23243793549615,99.71366504478532,0
Cape Crozier,2024-06-07-21-38-12_UMBRA-08_GEC.tif,526.3856,females present,-77.45274249,169.2750659333333,,7/06/2024,21:38:12,,7/06/2024 21:38,2024,6,7,159,7/06/2024,21:38:12 UTC,7/06/2024 21:38,5.413072109222412,251.9148406982422,246.2540740966797,73.64461350653268,60.03143922485395,73.64461350653268,0
Cape Crozier,2024-06-20-12-46-04_UMBRA-07_GEC.tif,492.6755284,females present,-77.4509479,169.2814129,20/06/2024 12:46,20/06/2024,12:46:04,yes,20/06/2024 12:46,2024,6,20,172,20/06/2024,12:46:04 UTC,20/06/2024 12:46,4.791593551635742,253.74998474121094,251.18077087402344,96.31190637,79.89937442419503,96.31190637,0
Cape Crozier,2024-06-24-21-20-53_UMBRA-08_GEC.tif,242.3694953,male huddle,-77.4512319,169.2811639,24/06/2024 21:20,24/06/2024,21:20:53,yes,24/06/2024 21:20,2024,6,24,176,24/06/2024,21:20:53 UTC,24/06/2024 21:20,5.185690402984619,247.0626220703125,243.61843872070312,93.13549635,72.49554557212626,93.13549635,0
Cape Crozier,2024-07-09-18-32-15_UMBRA-05_GEC.tif,280.22777,male huddle,-77.45274249,169.2750659333333,,9/07/2024,18:32:15,,9/07/2024 18:32,2024,7,9,191,9/07/2024,18:32:15 UTC,9/07/2024 18:32,3.974893093109131,246.70030212402344,241.40586853027344,78.14059639322268,60.61566295251352,78.14059639322268,0
Cape Crozier,2024-07-16-19-42-39_UMBRA-07_GEC.tif,274.6757767,male huddle,-77.45059827,169.283064,16/07/2024 19:42,16/07/2024,19:42:39,yes,16/07/2024 19:42,2024,7,16,198,16/07/2024,19:42:39 UTC,16/07/2024 19:42,4.7451066970825195,245.0913848876953,241.51976013183594,93.14681016311566,71.16817371,93.14681016311566,0
Cape Crozier,2024-08-06-13-47-45_UMBRA-04_GEC.tif,402.793503,female return,-77.45274249,169.2750659333333,,6/08/2024,13:47:45,,6/08/2024 13:47,2024,8,6,219,6/08/2024,13:47:45 UTC,6/08/2024 13:47,1.4086393117904663,255.22633361816406,252.94296264648438,97.64619040689877,82.16130492170899,97.64619040689877,0
Cape Crozier,2024-08-09-19-26-21_UMBRA-07_GEC.tif,244.6545,female return,-77.45274249,169.2750659333333,,9/08/2024,19:26:21,,9/08/2024 19:26,2024,8,9,222,9/08/2024,19:26:21 UTC,9/08/2024 19:26,6.975492954,257.5174865722656,253.29327392578125,81.17923688,69.82626723743113,81.17923688,0
Cape Roget,2024-03-30-10-57-25_UMBRA-05_GEC.tif,0,NA,-71.98334599,170.59750446428572,30/03/2024 10:57,30/03/2024,10:57:25,no,30/03/2024 10:57,2024,3,30,90,30/03/2024,10:57:25 UTC,30/03/2024 10:57,4.106091499328613,256.4725341796875,250.13088989257812,67.77039096989571,57.70988830214381,67.77039096989571,
Cape Roget,2024-04-12-13-42-46_UMBRA-07_GEC.tif,0,NA,-71.98334599,170.59750446428572,12/04/2024 13:42,12/04/2024,13:42:46,no,12/04/2024 13:42,2024,4,12,103,12/04/2024,13:42:46 UTC,12/04/2024 13:42,7.762541294,253.79872131347656,246.63616943359375,63.59820164249087,52.78506081308906,63.59820164249087,0
Cape Roget,2024-05-02-20-09-23_UMBRA-08_GEC.tif,1929.412165,females present,-71.98334599,170.59750446428572,2/05/2024 20:09,2/05/2024,20:09:23,yes,2/05/2024 20:09,2024,5,2,123,2/05/2024,20:09:23 UTC,2/05/2024 20:09,8.764698028564453,255.39471435546875,248.74732971191406,66.2464783,55.83117580197482,66.2464783,0
Cape Roget,2024-05-09-20-35-25_UMBRA-08_GEC.tif,1406.0468,females present,-71.98468337,170.59679895714288,9/05/2024 20:35,9/05/2024,20:35:25,yes,9/05/2024 20:35,2024,5,9,130,9/05/2024,20:35:25 UTC,9/05/2024 20:35,3.2459075450897217,251.0526580810547,240.41726684570312,45.95802827116161,37.155587286873256,45.95802827116161,0
Cape Roget,2024-05-17-21-15-19_UMBRA-04_GEC.tif,1588.04102,females present,-71.98452484,170.59934686363638,17/05/2024 21:15,17/05/2024,21:15:19,yes,17/05/2024 21:15,2024,5,17,138,17/05/2024,21:15:19 UTC,17/05/2024 21:15,1.9434893131256104,251.9128418,246.2410125732422,73.56992877708352,59.96941459547108,73.56992877708352,0
Cape Roget,2024-05-24-21-22-03_UMBRA-05_GEC.tif,1732.589713,females present,-71.98355193,170.5982339076923,24/05/2024 21:22,24/05/2024,21:22:03,yes,24/05/2024 21:22,2024,5,24,145,24/05/2024,21:22:03 UTC,24/05/2024 21:22,5.917660713195801,250.9553680419922,243.73431396484375,63.87490126053118,51.592896079377574,63.87490126053118,0
Cape Roget,2024-06-01-13-23-51_UMBRA-07_GEC.tif,1396.033592,females present,-71.9845059,170.59834806363637,1/06/2024 13:23,1/06/2024,13:23:51,yes,1/06/2024 13:23,2024,6,1,153,1/06/2024,13:23:51 UTC,1/06/2024 13:23,5.715419769287109,255.73977661132812,249.17454528808594,66.64143393332218,56.350429692175624,66.64143393332218,0
Cape Roget,2024-06-07-10-57-16_UMBRA-05_GEC.tif,1438.872792,females present,-71.98515328,170.59429287692308,7/06/2024 10:57,7/06/2024,10:57:16,yes,7/06/2024 10:57,2024,6,7,159,7/06/2024,10:57:16 UTC,7/06/2024 10:57,1.8652772903442383,249.00399780273438,243.2852783203125,74.23585070059592,58.85784639,74.23585070059592,0
Cape Roget,2024-06-21-12-19-39_UMBRA-04_GEC.tif,955.1400241,male huddle,-71.98457302,170.60042997777776,21/06/2024 12:19,21/06/2024,12:19:39,yes,21/06/2024 12:19,2024,6,21,173,21/06/2024,12:19:39 UTC,21/06/2024 12:19,9.460806846618652,250.18325805664062,245.87734985351562,84.27367536462158,67.57020662,84.27367536462158,0
Cape Roget,2024-06-25-21-07-07_UMBRA-08_GEC.tif,842.1613747,male huddle,-71.98467627,170.59599143333332,25/06/2024 21:07,25/06/2024,21:07:07,yes,25/06/2024 21:07,2024,6,25,177,25/06/2024,21:07:07 UTC,25/06/2024 21:07,1.9147751331329346,248.28167724609375,242.7203369140625,75.60538415445447,59.533957051239334,75.60538415445447,0
Cape Roget,2024-07-10-13-13-50_UMBRA-07_GEC.tif,930.7568206,male huddle,-71.98504339,170.6026991,10/07/2024 13:13,10/07/2024,13:13:50,yes,10/07/2024 13:13,2024,7,10,192,10/07/2024,13:13:50 UTC,10/07/2024 13:13,2.1959762573242188,249.7650604248047,243.8304443359375,72.48592903923716,57.88789186220145,72.48592903923716,0
Cape Roget,2024-07-16-11-53-21_UMBRA-08_GEC.tif,721.7907571,male huddle,-71.9868232,170.5984659,16/07/2024 11:53,16/07/2024,11:53:21,yes,16/07/2024 11:53,2024,7,16,198,16/07/2024,11:53:21 UTC,16/07/2024 11:53,1.6893292665481567,250.10177612304688,242.53895568847656,61.98886820093427,49.66380306568027,61.98886820093427,0
Cape Roget,2024-08-09-20-58-58_UMBRA-07_GEC.tif,979.6392797,female return,-71.98443901,170.5952464,9/08/2024 20:58,9/08/2024,20:58:58,yes,9/08/2024 20:58,2024,8,9,222,9/08/2024,20:58:58 UTC,9/08/2024 20:58,6.100194931030273,254.52976989746094,245.88897705078125,55.34318596475947,46.25660623,55.34318596475947,0
Cape Washington,2024-03-30-12-16-12_UMBRA-08_GEC.tif,0,NA,-74.64639116,165.3868059,30/03/2024 12:16,30/03/2024,12:16:12,no,30/03/2024 12:16,2024,3,30,90,30/03/2024,12:16:12 UTC,30/03/2024 12:16,9.382911682128906,257.8631591796875,250.32229614257812,60.549972254874056,52.25551877500012,60.549972254874056,
Cape Washington,2024-04-23-13-06-28_UMBRA-04_GEC.tif,844.4068963,females present,-74.64639116,165.3868059,23/04/2024 13:06,23/04/2024,13:06:28,yes,23/04/2024 13:06,2024,4,23,114,23/04/2024,13:06:28 UTC,23/04/2024 13:06,3.9531142711639404,250.61288452148438,244.7530517578125,72.72684669,58.55123489543413,72.72684669,0
Cape Washington,2024-04-29-11-25-34_UMBRA-04_GEC.tif,3018.043601,females present,-74.64731817,165.38765485925924,29/04/2024 11:25,29/04/2024,11:25:34,yes,29/04/2024 11:25,2024,4,29,120,29/04/2024,11:25:34 UTC,29/04/2024 11:25,6.798926830291748,252.84512329101562,248.41905212402344,82.05724551992056,67.48662887602477,82.05724551992056,0
Cape Washington,2024-05-09-20-36-21_UMBRA-07_GEC.tif,2430.03259,females present,-74.64768866,165.39221779629628,9/05/2024 20:36,9/05/2024,20:36:21,yes,9/05/2024 20:36,2024,5,9,130,9/05/2024,20:36:21 UTC,9/05/2024 20:36,3.3646023273468018,251.5839080810547,247.99929809570312,89.27649636360717,72.54409748430125,89.27649636360717,0
Cape Washington,2024-05-24-21-23-01_UMBRA-05_GEC.tif,2688.87637,females present,-74.64729035,165.39319045555555,24/05/2024 21:23,24/05/2024,21:23:01,yes,24/05/2024 21:23,2024,5,24,145,24/05/2024,21:23:01 UTC,24/05/2024 21:23,7.077545166015625,249.3694305419922,244.58782958984375,80.97579945297785,64.42502888995992,80.97579945297785,0
Cape Washington,2024-06-06-14-00-06_UMBRA-08_GEC.tif,2360.087595,females present,-74.64668286,165.395295,6/06/2024 14:00,6/06/2024,14:00:06,yes,6/06/2024 14:00,2024,6,6,158,6/06/2024,14:00:06 UTC,6/06/2024 14:00,7.563270568847656,252.5730743408203,247.74623107910156,79.24234007747566,65.00216529,79.24234007747566,0
Cape Washington,2024-06-20-11-32-16_UMBRA-05_GEC.tif,1632.904445,male huddle,-74.64699891,165.3936904368421,20/06/2024 11:32,20/06/2024,11:32:16,yes,20/06/2024 11:32,2024,6,20,172,20/06/2024,11:32:16 UTC,20/06/2024 11:32,5.571279048919678,248.6360626220703,243.6733856201172,79.90846795,63.13433793312046,79.90846795,0
Cape Washington,2024-06-25-19-54-29_UMBRA-05_GEC.tif,1683.957717,male huddle,-74.64659493,165.3936599,25/06/2024 19:54,25/06/2024,19:54:29,yes,25/06/2024 19:54,2024,6,25,177,25/06/2024,19:54:29 UTC,25/06/2024 19:54,13.974693298339844,251.09388732910156,245.1786651611328,72.19474571286996,58.39009327,72.19474571286996,0
Cape Washington,2024-07-10-12-08-23_UMBRA-04_GEC.tif,1636.343828,male huddle,-74.64691856,165.3936931,10/07/2024 12:08,10/07/2024,12:08:23,yes,10/07/2024 12:08,2024,7,10,192,10/07/2024,12:08:23 UTC,10/07/2024 12:08,2.472498893737793,249.4651641845703,244.70542907714844,81.10080237066406,64.58325898787763,81.10080237066406,0
Cape Washington,2024-08-06-12-17-34_UMBRA-04_GEC.tif,1141.371422,male huddle,-74.64662949,165.3944583,6/08/2024 12:17,6/08/2024,12:17:34,yes,6/08/2024 12:17,2024,8,6,219,6/08/2024,12:17:34 UTC,6/08/2024 12:17,2.8944458961486816,254.22955322265625,250.4298095703125,86.06372123757747,71.72648623,86.06372123757747,0
Cape Washington,2024-08-09-21-35-14_UMBRA-04_GEC.tif,1851.565439,female return,-74.6478567,165.3968725857143,9/08/2024 21:35,9/08/2024,21:35:14,yes,9/08/2024 21:35,2024,8,9,222,9/08/2024,21:35:14 UTC,9/08/2024 21:35,7.0131402015686035,257.3425598144531,252.73367309570312,78.59548050206479,67.49019441420883,78.59548050206479,0
Coulman Island,2024-04-23-13-43-22_UMBRA-07_GEC.tif,1921.503091,females present,-73.35004211,169.63747181176473,23/04/2024 13:43,23/04/2024,13:43:22,yes,23/04/2024 13:43,2024,4,23,114,23/04/2024,13:43:22 UTC,23/04/2024 13:43,6.473973751068115,250.92257690429688,248.4110565185547,98.87759686612371,79.84022063141731,98.87759686612371,0
Coulman Island,2024-04-29-20-37-31_UMBRA-07_GEC.tif,3434.84187,females present,-73.34937617,169.64700392857145,29/04/2024 20:37,29/04/2024,20:37:31,yes,29/04/2024 20:37,2024,4,29,120,29/04/2024,20:37:31 UTC,29/04/2024 20:37,6.291778087615967,248.7719268798828,245.50540161132812,93.65478160585246,74.09060234,93.65478160585246,0
Coulman Island,2024-05-02-18-48-22_UMBRA-05_GEC.tif,3342.030279,females present,-73.35026958,169.64298715714287,2/05/2024 18:48,2/05/2024,18:48:22,yes,2/05/2024 18:48,2024,5,2,123,2/05/2024,18:48:22 UTC,2/05/2024 18:48,7.410161495,254.47984313964844,251.0258026123047,88.59748514738892,74.01556599046644,88.59748514738892,0
Coulman Island,2024-05-24-21-36-07_UMBRA-04_GEC.tif,3849.379653,females present,-73.34931067,169.63550406666667,24/05/2024 21:36,24/05/2024,21:36:07,yes,24/05/2024 21:36,2024,5,24,145,24/05/2024,21:36:07 UTC,24/05/2024 21:36,7.931353569030762,248.92359924316406,245.33245849609375,90.77067162,71.9125111,90.77067162,0
Coulman Island,2024-06-01-21-08-56_UMBRA-04_GEC.tif,3557.053739,females present,-73.34890779,169.6363682583333,1/06/2024 21:08,1/06/2024,21:08:56,yes,1/06/2024 21:08,2024,6,1,153,1/06/2024,21:08:56 UTC,1/06/2024 21:08,7.520655632019043,256.5113525390625,253.27366638183594,89.02635526564201,75.83869713850484,89.02635526564201,0
Coulman Island,2024-06-07-12-39-24_UMBRA-04_GEC.tif,3565.157141,females present,-73.3489902,169.6388174,7/06/2024 12:39,7/06/2024,12:39:24,yes,7/06/2024 12:39,2024,6,7,159,7/06/2024,12:39:24 UTC,7/06/2024 12:39,5.332817554473877,252.6627655029297,247.22756958007812,74.91650158113711,61.506441949910155,74.91650158113711,0
Coulman Island,2024-06-19-20-47-45_UMBRA-07_GEC.tif,3448.58102,females present,-73.34701632,169.6368220117647,19/06/2024 20:47,19/06/2024,20:47:45,yes,19/06/2024 20:47,2024,6,19,171,19/06/2024,20:47:45 UTC,19/06/2024 20:47,3.901942491531372,246.88893127441406,243.9740753173828,98.03969809963422,76.18765099413332,98.03969809963422,0
Coulman Island,2024-06-25-13-19-13_UMBRA-08_GEC.tif,2550.6261,male huddle,-73.34678849,169.63595610000002,,25/06/2024,13:19:13,,25/06/2024 13:19,2024,6,25,177,25/06/2024,13:19:13 UTC,25/06/2024 13:19,10.197798728942871,249.44134521484375,244.89447021484375,82.74828271810676,65.88027504516171,82.74828271810676,0
Coulman Island,2024-07-10-21-17-47_UMBRA-04_GEC.tif,2487.969609,male huddle,-73.34678849,169.63595610000002,10/07/2024 21:17,10/07/2024,21:17:47,yes,10/07/2024 21:17,2024,7,10,192,10/07/2024,21:17:47 UTC,10/07/2024 21:17,4.476487159729004,248.59664916992188,246.0776367,100.51876210920217,79.38847078,100.51876210920217,0
Coulman Island,2024-07-16-13-27-00_UMBRA-07_GEC.tif,2183.149835,male huddle,-73.34817214,169.6327198,16/07/2024 13:27,16/07/2024,13:27:00,yes,16/07/2024 13:27,2024,7,16,198,16/07/2024,13:27:00 UTC,16/07/2024 13:27,3.6207540035247803,246.7353973388672,244.38214111328125,103.49199596680337,80.30802915350057,103.49199596680337,0
Coulman Island,2024-08-06-12-10-54_UMBRA-05_GEC.tif,2323.53444,male huddle,-73.34522754,169.64071567142858,6/08/2024 12:10,6/08/2024,12:10:54,yes,6/08/2024 12:10,2024,8,6,219,6/08/2024,12:10:54 UTC,6/08/2024 12:10,3.279636859893799,256.78619384765625,252.0235595703125,77.80352073994587,66.45365503414155,77.80352073994587,0
Coulman Island,2024-08-08-19-29-30_UMBRA-05_GEC.tif,1927.186462,female return,-73.34508453,169.63273729999997,8/08/2024 19:29,8/08/2024,19:29:30,yes,8/08/2024 19:29,2024,8,8,221,8/08/2024,19:29:30 UTC,8/08/2024 19:29,7.062318325042725,255.64479064941406,249.03712463378906,66.41411143,56.10700893978018,66.41411143,0
Franklin Island,2024-03-29-19-15-03_UMBRA-04_GEC.tif,0,NA,-76.17710934,168.3951361,29/03/2024 19:15,29/03/2024,19:15:03,no,29/03/2024 19:15,2024,3,29,89,29/03/2024,19:15:03 UTC,29/03/2024 19:15,1.520440936088562,256.7908935546875,254.99221801757812,100.54070846166859,85.87785449,100.54070846166859,
Franklin Island,2024-03-30-10-08-04_UMBRA-06_GEC.tif,0,NA,-76.17710934,168.3951361,30/03/2024 10:08,30/03/2024,10:08:04,no,30/03/2024 10:08,2024,3,30,90,30/03/2024,10:08:04 UTC,30/03/2024 10:08,1.520440936088562,256.7908935546875,254.99221801757812,100.54070846166859,85.87785449,100.54070846166859,
Franklin Island,2024-04-06-21-02-03_UMBRA-05_GEC.tif,0,NA,-76.17710934,168.3951361,6/04/2024 21:02,6/04/2024,21:02:03,no,6/04/2024 21:02,2024,4,6,97,6/04/2024,21:02:03 UTC,6/04/2024 21:02,1.729792833328247,253.81573486328125,251.61488342285156,99.44258087,82.54853572043312,99.44258087,2.862222222222222
Franklin Island,2024-04-23-15-17-29_UMBRA-07_GEC.tif,116.8238632,females present,-76.17710934,168.3951361,23/04/2024 15:17,23/04/2024,15:17:29,yes,23/04/2024 15:17,2024,4,23,114,23/04/2024,15:17:29 UTC,23/04/2024 15:17,3.0900347232818604,250.47958374023438,247.78213500976562,97.53593559,78.42493063811497,97.53593559,0
Franklin Island,2024-04-29-11-24-50_UMBRA-04_GEC.tif,839.8387,females present,-76.17726909,168.3912272,,29/04/2024,11:24:50,,29/04/2024 11:24,2024,4,29,120,29/04/2024,11:24:50 UTC,29/04/2024 11:24,5.8076090812683105,250.38223266601562,247.22373962402344,93.57182408756137,75.16777177556278,93.57182408756137,0
Franklin Island,2024-05-02-15-28-16_UMBRA-07_GEC.tif,2395.684666,females present,-76.17726909,168.3912272,2/05/2024 15:28,2/05/2024,15:28:16,yes,2/05/2024 15:28,2024,5,2,123,2/05/2024,15:28:16 UTC,2/05/2024 15:28,2.4931113719940186,251.2481231689453,248.82205200195312,99.40320932080374,80.51432912063403,99.40320932080374,0
Franklin Island,2024-05-09-21-19-25_UMBRA-04_GEC.tif,1164.731688,females present,-76.1773399,168.39055283636364,9/05/2024 21:19,9/05/2024,21:19:25,yes,9/05/2024 21:19,2024,5,9,130,9/05/2024,21:19:25 UTC,9/05/2024 21:19,3.0544071197509766,248.8592987060547,246.13015747070312,98.39270313,77.90341498906145,98.39270313,0
Franklin Island,2024-05-17-21-03-38_UMBRA-05_GEC.tif,990.33649,females present,-76.17726909,168.3912272,,17/05/2024,21:03:38,,17/05/2024 21:03,2024,5,17,138,17/05/2024,21:03:38 UTC,17/05/2024 21:03,4.850942611694336,250.0163574,247.1609344482422,96.45596985,77.21507630596416,96.45596985,0
Franklin Island,2024-05-24-21-23-43_UMBRA-05_GEC.tif,1170.398216,females present,-76.17790199,168.3903008,24/05/2024 21:23,24/05/2024,21:23:43,yes,24/05/2024 21:23,2024,5,24,145,24/05/2024,21:23:43 UTC,24/05/2024 21:23,5.477524757385254,246.0940399169922,243.16595458984375,98.44965180460272,75.93389071761057,98.44965180460272,0
Franklin Island,2024-06-07-18-46-38_UMBRA-05_GEC.tif,1047.064489,females present,-76.17745707,168.3915643,7/06/2024 18:46,7/06/2024,18:46:38,yes,7/06/2024 18:46,2024,6,7,159,7/06/2024,18:46:38 UTC,7/06/2024 18:46,2.0998330116271973,254.44248962402344,252.5217285,101.40864864208646,84.68784864785269,101.40864864208646,0
Franklin Island,2024-06-24-20-55-35_UMBRA-04_GEC.tif,684.65656,male huddle,-76.17726909,168.3912272,,24/06/2024,20:55:35,,24/06/2024 20:55,2024,6,24,176,24/06/2024,20:55:35 UTC,24/06/2024 20:55,4.671126365661621,244.5587158203125,241.72390747070312,100.37688088235652,76.30907375077312,100.37688088235652,0
Franklin Island,2024-08-09-20-49-47_UMBRA-05_GEC.tif,878.5774391,female return,-76.1763633,168.39021854285713,9/08/2024 20:49,9/08/2024,20:49:47,yes,9/08/2024 20:49,2024,8,9,222,9/08/2024,20:49:47 UTC,9/08/2024 20:49,3.4633021354675293,258.4887695,255.99053955078125,93.46438536783101,81.14829241396158,93.46438536783101,0
